date_,i_amount,holding_i_amount,holding_i_EPS,holding_i_MA_EPS,holding_i_NOISE,holding_i_PER,holding_i_MA_PER,i_EPS,i_MA_EPS,i_NOISE,PER,MA_PER,EPS_shift,holding_NOISE_change,holding_EARNINGS_change,holding_MA_EARNINGS_change,holding_PER_change,holding_MA_PER_change,rebalancing_EARNINGS_change,rebalancing_MA_EARNINGS_change,rebalancing_NOISE_change,rebalancing_PER_change,rebalancing_noise_change
2002-11-30,100,100,10.16111676,10.59911466,1.046534854,9.841437939,9.403831992,10.16111676,10.59911466,1.046534854,9.841437939,9.403831992,,,,,,,0,0.043105291,0,0,-0.043105291
2002-12-31,100.6148965,98.1467219,9.660140237,9.825544452,1.002580006,10.15996864,10.13382332,9.802783094,9.978302362,1.002201984,10.26391133,10.24136002,10.16111676,-0.042000367,-0.049303294,-0.072984417,0.032366277,0.077627006,0.014766127,0.03293556,-0.000377049,0.010611662,-0.018169433
2003-01-31,98.1467219,90.67598161,8.815960514,8.330477425,0.93768674,10.28543418,10.96894489,9.769952609,9.212420224,0.936790319,10.04577257,10.72360844,9.802783094,-0.064373494,-0.100667593,-0.16514081,0.002096944,0.071043774,0.108211929,0.044970677,-0.000955993,-0.022366459,0.063241253
2003-02-28,90.67598161,91.02453664,10.50763715,10.37492093,0.978181071,8.662702692,8.855929588,10.24016335,10.09668858,0.976889875,8.854935075,9.064414832,9.769952609,0.044183583,0.075505437,0.126188415,-0.137676805,-0.174165148,-0.025455181,-0.039109513,-0.001319997,0.023541881,0.013654333
2003-03-31,91.02453664,101.3586884,11.78796745,12.23278824,1.022644688,8.598487302,8.408088753,10.75273292,11.12156387,1.020088458,8.465246675,8.298541769,10.24016335,0.046837227,0.151150333,0.21156438,-0.028961,-0.072406889,-0.087821291,-0.056532526,-0.002499627,-0.013028762,-0.031288765
2003-04-30,101.3586884,115.2491747,12.36783531,12.66210446,1.028077612,9.318459683,9.063965187,10.80548454,11.07616792,1.02945701,9.380300164,9.111891093,10.75273292,0.007831825,0.150203896,0.138518342,0.100790094,0.092235894,-0.126323704,-0.104437628,0.001341726,0.005287521,-0.021886076
2003-05-31,115.2491747,121.1564115,9.542568436,10.15599749,1.060564361,12.69641526,11.97137649,9.051187947,9.633929411,1.060664681,12.73304403,12.004778,10.80548454,0.030217241,-0.116877323,-0.083076605,0.353519082,0.313819093,-0.051493525,0.009574044,9.46E-05,0.002790114,-0.06106757
2003-06-30,121.1564115,126.0611648,9.030569442,8.835640862,0.978616226,13.95938158,14.26440847,8.621724503,8.446577631,0.979906276,14.05245685,14.34061317,9.051187947,-0.077355697,-0.002277989,-0.082862196,0.09631142,0.188227593,-0.045273439,-0.064668326,0.001318239,0.005342297,0.019394887
2003-07-31,126.0611648,129.7760621,9.0825315,9.151760826,1.004102516,14.28853421,14.23015477,8.802812483,8.852023329,1.002563807,14.32055551,14.28393425,8.621724503,0.024692403,0.053447196,0.083487446,0.016799722,-0.007702488,-0.030797473,-0.025379287,-0.001532422,0.003779262,-0.005418186
2003-08-31,129.7760621,133.4940671,9.258608478,9.433596336,1.018954394,14.41837263,14.15016484,9.033818649,9.210963914,1.019525989,14.36558194,14.09045193,8.802812483,0.016348671,0.051778451,0.065699444,0.00683054,-0.009365025,-0.024279008,-0.005145975,0.000560963,-0.004219944,-0.019133033
2003-09-30,133.4940671,144.5153402,9.141650817,9.032397296,0.987800322,15.80845113,16.00369101,8.492941936,8.393625306,0.988137765,15.71823617,15.90692789,9.033818649,-0.031118056,0.011936499,-0.019386312,0.100439313,0.135782662,-0.070961897,-0.081826087,0.00034161,-0.0060463,0.01086419
2003-10-31,144.5153402,147.2668628,8.436799365,8.43522172,1.005871246,17.45529986,17.35341371,8.268900176,8.263544524,1.005520512,17.47697241,17.38102028,8.492941936,0.017946365,-0.006610497,0.004955715,0.110512635,0.09093433,-0.019900816,-0.020535612,-0.000348687,0.001590844,0.000634797
2003-11-30,147.2668628,160.4633,9.412808669,9.553674955,1.011272768,17.04733471,16.85730621,8.619607245,8.749503998,1.011375591,17.08510128,16.89293418,8.268900176,0.005720675,0.138338651,0.156123129,-0.024583073,-0.030131377,-0.084268304,-0.070468305,0.000101677,0.002113503,-0.013799999
2003-12-31,160.4633,164.1793862,9.628960533,9.956336033,1.035925599,17.05058252,16.45927328,9.496655789,9.819392787,1.035924604,16.89682174,16.31086054,8.619607245,0.024273878,0.117099685,0.13793148,-0.002020401,-0.025671141,-0.013740294,0.019777031,-9.61E-07,-0.009016968,-0.033517325
2004-01-31,164.1793862,172.0889399,11.2105781,11.04210904,0.989547553,15.3505857,15.51273171,10.69951962,10.5373425,0.989445547,15.34455677,15.50823773,9.496655789,-0.044768751,0.180476407,0.124520556,-0.091510466,-0.048932356,-0.045587165,-0.060053602,-0.000103083,-0.000289696,0.014466437
2004-02-29,172.0889399,175.9362061,13.75546288,13.99636281,1.012080959,12.79027887,12.63760449,13.61345212,13.85566238,1.012209182,12.64109488,12.48861906,10.69951962,0.022876864,0.285614996,0.328263061,-0.166461497,-0.185103768,-0.010323953,0.007284343,0.000126692,-0.011789056,-0.017608296
2004-03-31,175.9362061,173.6235918,14.47774657,14.58369879,1.011941673,11.99244586,11.85092597,14.83670277,14.94212856,1.011991205,11.85817421,11.71766528,13.61345212,-0.000264282,0.063488264,0.052544324,-0.051312725,-0.051061938,0.024793652,0.032075571,4.89E-05,-0.011244749,-0.00728192
2004-04-30,173.6235918,173.2928591,14.97787915,14.63754274,0.97985883,11.56991971,11.80774144,15.1205642,14.76830357,0.979389186,11.48261332,11.72425985,14.83670277,-0.031751635,0.009515347,-0.020384366,-0.024308506,0.007687211,0.009526385,-0.01399234,-0.000479297,-0.007070072,0.023518726
2004-05-31,173.2928591,176.6417317,14.68867564,14.89687261,1.017161028,12.02570851,11.82281683,14.47497454,14.67585352,1.016998448,11.97189389,11.7717917,15.1205642,0.038566733,-0.028562992,0.008705742,0.047297177,0.008406243,-0.014548698,-0.000872925,-0.000159837,-0.004315819,-0.013675772
2004-06-30,176.6417317,173.8890703,15.03927578,14.98055095,0.999350624,11.56233005,11.56984323,15.28858019,15.22947667,0.999255416,11.55383492,11.56244414,14.47497454,-0.017352852,0.03898461,0.02076182,-0.034210446,-0.017155287,0.016576889,0.012646945,-9.53E-05,-0.000639515,0.003929945
2004-07-31,173.8890703,173.471458,15.84698057,15.86222267,0.994315086,10.94665683,11.00924343,15.78172135,15.79708734,0.994530822,11.01838427,11.07897718,15.28858019,-0.004944011,0.036524018,0.041547456,-0.052552083,-0.047844616,-0.004118085,-0.003148438,0.000216969,0.006334108,-0.000969648
2004-08-31,173.471458,181.2170665,18.2951434,18.53654918,1.010992193,9.90520066,9.797504596,17.31859953,17.54830539,1.011095046,10.01648301,9.906569176,15.78172135,0.016551897,0.159261591,0.173415629,-0.10102966,-0.115667048,-0.053377219,-0.040821654,0.000101734,0.011131873,-0.012555565
2004-09-30,181.2170665,179.9318096,16.01200294,16.1668197,1.008683544,11.23730805,11.14056844,16.3770666,16.54519744,1.009614507,11.06529459,10.95992036,17.31859953,-0.002385039,-0.075444703,-0.078724735,0.121881607,0.124563735,0.022799375,0.033299676,0.000922948,-0.016215337,-0.0105003
2004-10-31,179.9318096,197.0374788,19.8378776,19.49902606,0.990040948,9.93238706,10.03229925,17.43720348,17.16321531,0.990460474,10.31884555,10.41823053,16.3770666,-0.019387161,0.211320567,0.178530878,-0.102383856,-0.084637578,-0.121014666,-0.134826031,0.000423746,0.038468877,0.013811365
2004-11-30,197.0374788,207.3149778,17.42504092,17.70020877,1.015212017,11.89753176,11.71925821,16.45816968,16.71569294,1.015022555,11.97201649,11.79482804,17.43720348,0.024989935,-0.000697506,0.031287463,0.152990584,0.124879908,-0.055487459,-0.040708541,-0.000186623,0.006448346,-0.014778919
2004-12-31,207.3149778,206.1146193,16.23429895,16.39625125,1.009401878,12.69624392,12.57798722,16.24579813,16.40999614,1.009669778,12.76114452,12.63892889,16.45816968,-0.005537489,-0.013602407,-0.019110287,0.060493354,0.066398524,0.000708326,0.010822592,0.000265405,0.004845105,-0.010114266
2005-01-31,206.1146193,219.2198997,19.29179674,19.26494029,0.99379155,11.3633739,11.43436357,18.04201153,17.9986145,0.993291079,11.42414852,11.5013099,16.24579813,-0.015726159,0.18749455,0.173975918,-0.109533327,-0.095305965,-0.064783246,-0.067032753,-0.000503598,0.005854836,0.002249507
2005-02-28,219.2198997,216.7945539,16.8336985,16.86849959,1.000313237,12.87860502,12.87457223,17.12313948,17.1580332,1.000364374,12.80255294,12.79788972,18.04201153,0.007069587,-0.06697219,-0.062788995,0.127314214,0.119400515,0.017194141,0.01926699,5.11E-05,-0.005956121,-0.002072849
2005-03-31,216.7945539,210.8878461,17.89548227,17.57117053,0.985048092,11.78441815,11.96329219,18.68030822,18.32262716,0.984438872,11.60551268,11.78896223,17.12313948,-0.015310703,0.045105209,0.024078362,-0.079525919,-0.065213683,0.043856094,0.023868867,-0.000618468,-0.014572072,0.019987227
2005-04-30,210.8878461,221.0087755,21.2013411,20.75909747,0.986768767,10.42428281,10.56405833,20.35533331,19.9325741,0.987143297,10.36032389,10.49525832,18.68030822,0.002366724,0.134956707,0.132976035,-0.101781791,-0.103902607,-0.039903503,-0.059843714,0.000379552,-0.00651265,0.019940211
2005-05-31,221.0087755,223.1042783,21.66229832,21.94265634,1.014124124,10.29919702,10.15575586,21.85102561,22.11399401,1.013736296,10.11434335,9.977292305,20.35533331,0.02733223,0.064207497,0.100844087,-0.005900093,-0.032348175,0.008712247,0.020851697,-0.000382426,-0.017572651,-0.01213945
2005-06-30,223.1042783,238.5648987,24.41986527,23.75588354,0.986903011,9.769296272,9.898942618,22.26032906,21.71007987,0.988180366,10.02250585,10.14238513,21.85102561,-0.02646969,0.117561514,0.07424663,-0.034114629,-0.007852801,-0.088433584,-0.110966435,0.001294307,0.024592779,0.022532851
2005-07-31,238.5648987,239.9477852,26.39055483,27.0103338,1.017900126,9.092184183,8.932294978,26.25597422,26.87670382,1.017988124,9.086118712,8.925564552,22.26032906,0.030075238,0.185541991,0.244137929,-0.09282326,-0.119310215,-0.005099575,0.018421325,8.65E-05,-0.000753493,-0.0235209
2005-08-31,239.9477852,243.4496986,28.75867468,28.83064075,1.002897857,8.465261394,8.440801161,28.87447085,28.9451482,1.00275952,8.310032293,8.287163696,26.25597422,-0.014823618,0.095319276,0.072700021,-0.068330311,-0.05431179,0.004026478,0.006484079,-0.000137937,-0.018201763,-0.002457601
2005-09-30,243.4496986,239.208667,27.46085211,27.27654352,1.000546506,8.710897464,8.706139506,28.44119993,28.229574,0.999828386,8.559754832,8.561224055,28.87447085,-0.002206924,-0.04895739,-0.057647129,0.048238702,0.050557202,0.035699833,0.027993373,-0.000717728,-0.016645202,0.007706459
2005-10-31,239.208667,242.0435724,31.1122877,31.52300373,1.012071906,7.779677751,7.686882428,30.07990386,30.52078152,1.01344743,7.952441208,7.846920299,28.44119993,0.012245621,0.093916142,0.116665938,-0.09113311,-0.102128109,-0.033182511,-0.019011979,0.001359117,0.020819607,-0.014170532
2005-11-30,242.0435724,244.1613023,28.80413311,29.44744517,1.007658136,8.476606513,8.412184857,28.43809374,29.0697358,1.007564314,8.51124462,8.447346242,30.07990386,-0.005712476,-0.042412727,-0.035167394,0.065912503,0.072036485,-0.012707877,0.009220992,-9.31E-05,0.004179816,-0.021928869
2005-12-31,244.1613023,261.6258009,32.17757031,31.97612291,0.992336771,8.130688502,8.193476994,29.42470667,29.2418665,0.992649937,8.297833009,8.359274203,28.43809374,-0.015113222,0.131495332,0.099979826,-0.044712158,-0.030053136,-0.085552253,-0.091234477,0.000315584,0.020235269,0.005682224
2006-01-31,261.6258009,253.8687695,28.8741995,29.23355594,1.002000198,8.792235762,8.774684651,29.88581329,30.29420995,1.0033077,8.7541804,8.725319661,29.42470667,0.009419496,-0.018709011,-0.000284201,0.059582153,0.049694559,0.035035215,0.049179214,0.001304891,-0.005625842,-0.014143999
2006-02-28,253.8687695,257.5068286,29.61720513,29.33185794,0.987687233,8.694501301,8.802889225,28.7917259,28.51435014,0.987903145,8.817421032,8.925390187,29.88581329,-0.015568969,-0.008987815,-0.031766863,-0.006817211,0.008890169,-0.027871612,-0.03723697,0.000218603,0.013915995,0.009365359
2006-03-31,257.5068286,260.5468701,27.27830542,27.65764069,1.003092832,9.551431664,9.521981775,27.58849852,27.98617716,1.003408828,9.333847159,9.302137766,28.7917259,0.015375685,-0.052564424,-0.030044853,0.083245501,0.066842074,0.011371421,0.02594999,0.000315022,-0.023088052,-0.014578568
2006-04-30,260.5468701,249.680379,26.71717186,25.94358813,0.988272496,9.345314701,9.456212475,28.41691927,27.53347356,0.9861125,9.168723309,9.297847166,27.58849852,-0.015084911,-0.031582968,-0.072985639,0.001228598,0.016563366,0.063620035,0.030553447,-0.002185628,-0.016747224,0.033066588
2006-05-31,249.680379,250.9839462,31.33667241,30.49120211,0.979736577,8.009272423,8.174924373,31.23370211,30.35799894,0.978952096,7.993941226,8.165814505,28.41691927,-0.006465715,0.102746998,0.107423008,-0.126457179,-0.120772344,-0.003285936,-0.031230931,-0.000800706,-0.001114367,0.027944995
2006-06-30,250.9839462,248.7027955,30.73057485,31.57332781,1.018177183,8.093008242,7.948526424,31.28036334,32.12631138,1.018295068,8.023690243,7.879533643,31.23370211,0.040068443,-0.016108474,0.040033234,0.012392763,-0.02660948,0.017890602,0.045418497,0.00011578,-0.008679946,-0.027527895
2006-07-31,248.7027955,236.4275743,27.80066478,27.6378739,0.988459452,8.504385637,8.603676782,28.32246997,28.16214416,0.988534179,8.781112517,8.88296298,31.28036334,-0.029299578,-0.111242268,-0.139712195,0.059909515,0.091901776,0.018769522,0.013002545,7.56E-05,0.032461261,0.005766977
2006-08-31,236.4275743,239.6949163,29.44517863,29.35706112,0.997294673,8.140379085,8.162461213,28.98945459,28.86459043,0.996176854,8.15564065,8.186940518,28.32246997,0.008862105,0.03964021,0.0424299,-0.072967227,-0.081110522,-0.015477034,-0.019717598,-0.001120851,0.00299901,0.004240564
2006-09-30,239.6949163,253.7513558,30.51538256,30.90811334,1.012754387,8.315522682,8.210798971,29.13637815,29.51365003,1.012716086,8.226654494,8.123357185,28.98945459,0.016641155,0.052637347,0.070796879,0.019603859,0.002914209,-0.045190468,-0.032827134,-3.78E-05,-0.010649607,-0.012363334
2006-10-31,253.7513558,266.6599445,31.77389676,31.83758598,1.002877324,8.392421823,8.36834339,29.65379412,29.70243127,1.002467189,8.557129478,8.536069384,29.13637815,-0.009715223,0.090523214,0.078741055,0.020150029,0.030158246,-0.066724665,-0.065193939,-0.000408958,0.020042915,-0.001530727
2006-11-30,266.6599445,268.8309491,30.93129215,32.35241147,1.031873755,8.691229187,8.42276407,30.8095348,32.23790499,1.032292109,8.655111033,8.384362294,29.65379412,0.029334193,0.043080424,0.089217619,0.015671109,-0.013273711,-0.003936381,0.042242427,0.000405431,-0.004559284,-0.046178808
2006-12-31,268.8309491,275.5259396,31.38024617,31.24438242,0.99769857,8.780235124,8.800488831,30.51985435,30.4028244,0.998166306,8.808395544,8.824577115,30.8095348,-0.033511385,0.018523856,-0.03081846,0.014456671,0.049631269,-0.027418262,-0.031147677,0.000468815,0.002737153,0.003729415
2007-01-31,275.5259396,270.5067682,27.88615331,29.29083173,1.039724768,9.700397367,9.329774251,28.5434316,29.98440104,1.040200989,9.652866672,9.279809163,30.51985435,0.041634807,-0.086294679,-0.036575308,0.101267231,0.057248878,0.023570059,0.075243355,0.000458026,-0.005355444,-0.051673295
2007-02-28,270.5067682,274.8744418,25.02041126,24.34021087,0.969744499,10.98600814,11.32876562,24.35563511,23.63595869,0.967567493,11.10653723,11.47882429,28.5434316,-0.067733536,-0.123426657,-0.188237549,0.138108348,0.220797263,-0.026569353,-0.055332926,-0.002244928,0.013245809,0.028763573
2007-03-31,274.8744418,291.7749872,27.34778007,27.50676643,1.003503303,10.66905564,10.6318092,25.77282537,25.91356602,1.003195164,10.66528166,10.63131287,24.35563511,0.037140365,0.122852266,0.163767749,-0.039389558,-0.073789359,-0.057589855,-0.052443527,-0.000307062,-4.67E-05,-0.005146328
2007-04-30,291.7749872,306.409582,26.97584242,27.19267056,1.007835761,11.35866592,11.27035412,25.41221906,25.62374946,1.007996849,11.48168078,11.39059194,25.77282537,0.004625816,0.046677732,0.049360421,0.065013216,0.060109345,-0.057963838,-0.050122363,0.000159835,0.010668504,-0.007841475
2007-05-31,306.409582,292.2576827,26.63647384,26.92971058,1.006556625,10.97208604,10.90061479,27.49211602,27.79810007,1.006787866,11.14536189,11.07021872,25.41221906,-0.001428798,0.048175831,0.050966824,-0.044383288,-0.043015951,0.032122952,0.043610361,0.000229735,0.015559116,-0.011487408
2007-06-30,292.2576827,275.9052508,22.88948751,22.52359353,0.980642962,12.05379765,12.29172913,24.3328299,23.92172089,0.979749857,12.01083819,12.25908645,27.49211602,-0.025968633,-0.167416306,-0.189743419,0.081507965,0.11034203,0.063056999,0.045096395,-0.000910734,-0.002655662,0.017960604
2007-07-31,275.9052508,259.4015013,24.2679014,22.48149309,0.928061092,10.68907842,11.51764524,25.12424475,23.33758371,0.93140209,10.98163362,11.79043265,24.3328299,-0.052757103,-0.00266835,-0.060205861,-0.110047254,-0.060480951,0.035287079,-0.038335317,0.003599976,0.023684304,0.073622396
2007-08-31,259.4015013,259.1282458,27.3407149,27.41447654,1.001822654,9.477742142,9.46049893,27.16642813,27.21429141,1.000856726,9.548605361,9.540431829,25.12424475,0.075607049,0.088220369,0.174692157,-0.136946062,-0.197612233,-0.006374624,-0.004624001,-0.000964171,0.008449121,-0.001750623
2007-09-30,259.1282458,255.7911695,26.76806117,27.06721599,1.008809744,9.555834764,9.472385469,27.26448388,27.57135044,1.008720921,9.504241744,9.422072593,27.16642813,0.007946211,-0.014663943,-0.005404345,0.000757116,-0.007132419,0.018545337,0.030009244,-8.80E-05,-0.005311532,-0.011463907
2007-10-31,255.7911695,245.4918055,23.01522201,22.49087405,0.976061607,10.66649739,10.9280985,24.00636561,23.44225897,0.975609908,10.65513929,10.92151608,27.26448388,-0.032376957,-0.155853377,-0.184266505,0.122288098,0.159840194,0.043064699,0.018554545,-0.000462778,-0.00060234,0.024510154
2007-11-30,245.4918055,242.2700474,23.60606689,23.78508459,1.009961253,10.26304164,10.16181721,23.95817285,24.13221949,1.009769139,10.24668313,10.1475503,24.00636561,0.035210123,-0.016674691,0.014624257,-0.036798923,-0.069559836,0.01491591,0.022288872,-0.00019022,-0.001403972,-0.007372962
2007-12-31,242.2700474,237.6846008,23.63595389,23.19303604,0.982195393,10.05606129,10.23835111,24.43870753,24.00452931,0.983484486,9.913373986,10.07984785,23.95817285,-0.02730698,-0.013449229,-0.038918238,-0.018603273,0.008948052,0.033963243,0.015593846,0.001312461,-0.015481326,0.018369397
2008-01-31,237.6846008,225.9308444,22.4189411,23.14770307,1.042056678,10.07767688,9.670948899,23.73925371,24.58099534,1.04531853,10.01230299,9.578231614,24.43870753,0.059555786,-0.082646205,-0.035694357,0.016573862,-0.040565985,0.058892729,0.096438731,0.003130206,-0.009587196,-0.037546003
2008-02-29,225.9308444,221.4133498,20.74549544,19.99470271,0.961903922,10.67283982,11.09553623,21.11892427,20.35994282,0.961845008,10.69802805,11.12240326,23.73925371,-0.079798267,-0.126110042,-0.1865788,0.065972517,0.158411769,0.018000478,-0.018584884,-6.12E-05,0.002421427,0.036585362
2008-03-31,221.4133498,238.7096368,23.93136,23.53432128,0.981819772,9.974762687,10.15946406,21.90817059,21.53267701,0.981495256,10.10642805,10.29697085,21.11892427,0.020767133,0.133171353,0.155912936,-0.067607354,-0.086576541,-0.084541347,-0.100231788,-0.000330524,0.013534847,0.015690441
2008-04-30,238.7096368,244.3049444,21.5942388,21.70168769,1.00452467,11.31343164,11.26247266,21.13090511,21.24802417,1.004853531,11.29670667,11.24214259,21.90817059,0.023463602,-0.014329439,0.007849032,0.119429296,0.093765615,-0.021456357,-0.016032731,0.000327379,-0.001805116,-0.005423625
2008-05-31,244.3049444,206.2056618,17.38611953,17.28100538,0.994836636,11.86036145,11.92191865,20.93684598,20.72869012,0.990756577,11.66866035,11.77752499,21.13090511,-0.009968512,-0.177218418,-0.186700597,0.049895495,0.060466771,0.204227656,0.192255125,-0.004101235,-0.012111613,0.011972531
2008-06-30,206.2056618,204.5393332,21.24494238,19.14621756,0.905002918,9.627671826,10.63827711,21.67253242,19.50778678,0.903400763,9.51460853,10.5319908,20.93684598,-0.086553712,0.014715512,-0.07634214,-0.174911983,-0.096730669,0.020126675,-0.08176796,-0.001770331,-0.009990933,0.101894635
2008-07-31,204.5393332,199.6540149,19.2556875,19.63760698,1.0141768,10.36857369,10.22363526,19.37921448,19.73424935,1.012788131,10.55457296,10.42130396,21.67253242,0.122621146,-0.111516498,0.006654789,0.089753053,-0.029277992,0.00641509,0.024853013,-0.001369257,0.019334483,-0.018437923
2008-08-31,199.6540149,182.6940973,15.95184437,15.94060048,1.001134311,11.45285103,11.43987466,17.60150797,17.58250389,1.000655635,11.34300625,11.33557425,19.37921448,-0.011506672,-0.176858051,-0.192236796,0.08510795,0.097739275,0.103415226,0.102223886,-0.000478133,-0.009117269,0.00119134
2008-09-30,182.6940973,140.3132163,14.42503143,12.6001172,0.882598361,9.727064857,11.02094145,18.98032784,16.50126139,0.876415434,9.625444767,10.9827422,17.60150797,-0.117979922,-0.180466159,-0.283371852,-0.142461474,-0.02775623,0.315791091,0.143932439,-0.007005369,-0.00346606,0.171858651
2008-10-31,140.3132163,118.5488022,18.35669089,17.35379175,0.945991658,6.458070404,6.8267731,21.30627023,20.17386315,0.947912005,6.585536312,6.947413136,18.98032784,0.079387265,-0.032857017,0.051664557,-0.32906265,-0.378409055,0.16068143,0.098992365,0.002029982,0.017671605,0.061689064
2008-11-30,118.5488022,130.4250322,23.94881224,23.63348649,0.989440069,5.445991682,5.504114754,21.35414729,21.05447243,0.987481319,5.551558701,5.621937949,21.30627023,0.043810042,0.124026494,0.171490375,-0.173037483,-0.207746157,-0.108342114,-0.120855255,-0.001979655,0.021406384,0.012513141
2008-12-31,130.4250322,119.2333035,20.02197013,21.40021525,1.056732705,5.955123435,5.635411308,22.17203358,23.61484074,1.052957995,5.882411812,5.586558858,21.35414729,0.070129312,-0.062384938,0.016421348,0.072693951,0.002396568,0.107385209,0.179446407,-0.003572058,-0.008668835,-0.072061198
2009-01-31,119.2333035,92.07349615,17.34888658,14.77889223,0.828699459,5.307170333,6.404215995,22.60044573,19.22883816,0.827865365,5.275705841,6.372661624,22.17203358,-0.212979565,-0.217532911,-0.374169303,-0.097790073,0.1463615,0.30270295,0.108361512,-0.00100651,-0.004927125,0.194341438
2009-02-28,92.07349615,109.3543915,20.88023167,16.60173743,0.80509617,5.237221177,6.505087681,17.9635569,14.28046579,0.805632111,5.125571547,6.362173844,22.60044573,-0.0275035,-0.076114165,-0.136622957,-0.007294695,0.020780337,-0.139685939,-0.316077234,0.000665686,-0.021969548,0.176391295
2009-03-31,109.3543915,147.5961908,26.45452543,27.70755252,1.055831115,5.579241674,5.284217896,20.04080008,20.93958868,1.053507765,5.456588111,5.179447452,17.9635569,0.310562352,0.472677464,0.940241511,0.088511129,-0.169432017,-0.24244341,-0.208468557,-0.002200494,-0.019827048,-0.033974852
2009-04-30,147.5961908,160.4719204,21.45033697,22.33918067,1.038115524,7.481090885,7.206414617,19.25417692,20.03362182,1.037036398,7.665671267,7.391901846,20.04080008,-0.014610468,0.070333364,0.066839517,0.3710199,0.391348147,-0.102383476,-0.066046289,-0.001039504,0.025739184,-0.036337187
2009-05-31,160.4719204,167.6747687,19.96897317,20.66858994,1.025030369,8.396764685,8.191722839,19.39587923,20.05449133,1.024162843,8.273505857,8.0783109,19.25417692,-0.01157725,0.037124217,0.031695124,0.095372394,0.108202329,-0.028699219,0.004282552,-0.000846342,-0.013844699,-0.032981771
2009-06-30,167.6747687,186.1218927,21.29210137,21.30578986,1.003017075,8.74135857,8.715064566,19.23014372,19.25151742,1.004182613,8.719371581,8.683053727,19.39587923,-0.020646881,0.097764175,0.062394928,0.056548303,0.078822624,-0.096841435,-0.095837603,0.001162032,-0.003673047,-0.001003832
2009-07-31,186.1218927,199.3629694,21.85624601,23.05899199,1.05624661,9.121555884,8.63582027,20.51047194,21.61960682,1.054927789,9.074481236,8.601992787,19.23014372,0.05184714,0.136561761,0.197775297,0.046125377,-0.005439729,-0.061573889,-0.010827074,-0.001248591,-0.003917113,-0.050746816
2009-08-31,199.3629694,206.7099036,21.49579603,21.72322932,1.010590368,9.616294424,9.515521548,20.63238929,20.85833781,1.010976129,9.662621551,9.557714843,20.51047194,-0.042028868,0.04804005,0.004792987,0.059707346,0.106199666,-0.040166307,-0.029655018,0.000381718,0.004434155,-0.010511289
2009-09-30,206.7099036,206.3034732,20.76022064,20.91174641,1.004995823,9.937441264,9.888042353,20.5950859,20.74460842,1.005113995,10.03685562,9.985788349,20.63238929,-0.005915378,0.006195664,0.00256054,0.028441527,0.034561348,-0.007954383,-0.000752026,0.000117584,0.009885273,-0.007202357
2009-10-31,206.3034732,215.0015383,22.66043976,21.94863695,0.969307488,9.487968486,9.788399038,21.85298128,21.16160744,0.968554113,9.440518462,9.747022226,20.5950859,-0.035624324,0.100283819,0.058040552,-0.05468716,-0.019767023,-0.035632957,-0.066143126,-0.000777231,-0.004227128,0.030510169
2009-11-30,215.0015383,224.8173768,20.87650604,20.80959044,0.989734581,10.76891777,10.88061181,20.07806342,20.00670411,0.98934245,10.70828066,10.82363408,21.85298128,0.021868131,-0.044683845,-0.0166347,0.140712537,0.116301118,-0.038245989,-0.041664152,-0.000396198,-0.005236629,0.003418163
2009-12-31,224.8173768,218.3297624,18.29710524,18.26137408,0.999108559,11.93247563,11.94312223,18.78759462,18.74614178,0.998988965,11.96626718,11.97837774,20.07806342,0.009871312,-0.088701691,-0.087237259,0.114322271,0.103429969,0.026806939,0.024541398,-0.0001197,0.002951951,0.002265541
2010-01-31,218.3297624,220.4073043,20.93137374,20.16244617,0.961141913,10.52999707,10.95571521,20.85796252,20.09218934,0.960997694,10.46745396,10.89227792,18.78759462,-0.037885356,0.114106099,0.07555178,-0.120026578,-0.085375712,-0.003507234,-0.04009218,-0.00015005,-0.005790338,0.036584946
2010-02-28,220.4073043,236.7708069,20.7354289,20.81004531,1.004300468,11.41865973,11.36976442,19.33696111,19.38904326,1.003610597,11.398239,11.35723261,20.85796252,0.045060227,-0.005874669,0.035728111,0.090872697,0.043837157,-0.067443398,-0.064931651,-0.000686917,-0.001102204,-0.002511747
2010-03-31,236.7708069,242.4673454,26.76063814,26.62824783,1.006738745,9.060596542,8.999948188,26.12547495,26.0018923,1.006962843,9.062832629,9.000165886,19.33696111,0.003116894,0.383911256,0.373365744,-0.205088037,-0.207557995,-0.023734979,-0.028353055,0.000222598,2.42E-05,0.004618076
2010-04-30,242.4673454,228.480698,25.91017415,25.3668389,0.987586802,8.818184576,8.929022293,26.88443539,26.32919556,0.987642016,9.018874376,9.131724073,26.12547495,-0.019242061,-0.008241029,-0.024423353,-0.026994656,-0.007904698,0.037601493,0.01617208,5.59E-05,0.022701453,0.021429413
2010-05-31,228.480698,215.8763579,25.42621229,25.18257089,0.982572921,8.490307381,8.640892904,26.98750385,26.73435807,0.982571971,8.46616639,8.616332074,26.88443539,-0.005132523,-0.054240421,-0.043549552,-0.058606759,-0.05375011,0.061404803,0.051448708,-9.67E-07,-0.002842395,0.009956095
2010-06-30,215.8763579,230.4178628,25.66414517,24.22550304,0.950275456,8.97820135,9.447998786,24.55580059,23.15933698,0.949972686,8.791257165,9.254220985,26.98750385,-0.032869364,-0.049035979,-0.093843848,0.060480144,0.096522128,-0.043186499,-0.097599518,-0.000318613,-0.020509931,0.054413019
2010-07-31,230.4178628,221.9159502,26.60708121,26.45279615,1.011181629,8.340484569,8.248255637,27.92778473,27.7537842,1.011194763,8.250488359,8.159148621,24.55580059,0.064432319,0.083535481,0.142208698,-0.051275101,-0.108703407,0.049637295,0.043097662,1.30E-05,-0.010803135,0.006539633
2010-08-31,221.9159502,245.3969841,30.196059,29.42947992,0.969789102,8.12678847,8.379954416,27.20785278,26.5282225,0.970506364,8.156319868,8.404189992,27.92778473,-0.040947266,0.081219269,0.060377198,-0.014993038,0.027062357,-0.09896014,-0.121467391,0.000739605,0.002892089,0.022507251
2010-09-30,245.3969841,247.3827969,28.25048721,28.9059396,1.020444056,8.756762144,8.581325053,28.59944328,29.26243376,1.020286339,8.580481155,8.409875568,27.20785278,0.051455296,0.038321084,0.089629718,0.073616813,0.021076994,0.012352214,0.035820499,-0.000154557,-0.019979372,-0.023468285
2010-10-31,247.3827969,247.0033353,29.18578951,28.49325077,0.984517224,8.463137007,8.596230519,29.77198159,29.04426767,0.98424993,8.309248618,8.442214081,28.59944328,-0.035057918,0.020502016,-0.02628568,-0.013675707,0.022159062,0.020084846,-0.004848998,-0.000271498,-0.017916741,0.024933844
2010-11-30,247.0033353,270.99416,27.18882578,26.58127943,0.979660257,9.967115247,10.17405286,24.59083469,24.05241832,0.979976639,10.04452832,10.24976302,29.77198159,-0.004663117,-0.086764658,-0.084801182,0.199520643,0.205140354,-0.095553634,-0.115356488,0.000322951,0.007441494,0.019802855
2010-12-31,270.99416,285.4606362,36.7049655,37.29640061,1.01063992,7.77716672,7.695289456,34.29786073,34.85268058,1.010383801,7.901197166,7.819995884,24.59083469,0.031289808,0.492627882,0.550629966,-0.225731017,-0.249222695,-0.065579813,-0.050464151,-0.000253423,0.016205554,-0.015115662
2011-01-31,285.4606362,291.2967605,34.62278276,34.85285655,1.003961029,8.413441593,8.380247192,34.19528241,34.42673962,1.003953016,8.347953756,8.315084096,34.29786073,-0.006356765,0.009473536,5.05E-06,0.064831242,0.071643427,-0.012347371,-0.005662258,-7.98E-06,-0.007775796,-0.006685113
2011-02-28,291.2967605,295.3661339,29.22060478,29.00498193,0.994716529,10.10814581,10.16183558,28.6502377,28.47185258,0.995552769,10.16734184,10.21276035,34.19528241,-0.009200119,-0.145478478,-0.157486818,0.210853116,0.222096549,-0.019519345,-0.025624117,0.000840682,0.005011375,0.006104772
2011-03-31,295.3661339,305.8542051,26.5494745,26.95701621,1.015796654,11.52016041,11.3410104,25.55422914,25.94139859,1.015748434,11.55840516,11.37920056,28.6502377,0.020334316,-0.07332446,-0.0532047,0.133055285,0.110474545,-0.037486443,-0.022903501,-4.75E-05,0.003367439,-0.014582942
2011-04-30,305.8542051,298.3251416,29.50847315,29.75464069,1.018103921,10.10981287,9.930040206,30.59181734,30.82454652,1.017868227,9.997908971,9.822400101,25.55422914,0.002318967,0.154739319,0.146994469,-0.125328042,-0.127351684,0.036712987,0.044599846,-0.000231503,-0.010839846,-0.007886859
2011-05-31,298.3251416,294.5117897,28.85694349,28.4876858,0.991495703,10.20592461,10.29346327,28.95183846,28.57632491,0.991266878,10.30418645,10.39496697,30.59181734,-0.025909565,-0.056710389,-0.075811682,0.020805914,0.047958052,0.003288462,-0.009724473,-0.000230788,0.009860986,0.013012936
2011-06-30,294.5117897,275.3804059,27.54558136,28.47808002,1.029948272,9.997262436,9.706567508,29.50755505,30.52624168,1.030727755,9.980894358,9.683346848,28.95183846,0.03902218,-0.04857229,-0.003437982,-0.029786341,-0.066224305,0.07122644,0.108208292,0.000756817,-0.002392263,-0.036981853
2011-07-31,275.3804059,249.5472989,26.2355364,25.13640439,0.95752052,9.511804716,9.933786819,29.18105096,27.96160843,0.957384982,9.436959834,9.85701678,29.50755505,-0.071024803,-0.110887488,-0.176564064,-0.046998758,0.025862956,0.11227194,0.065791376,-0.00014155,-0.007728175,0.046480564
2011-08-31,249.5472989,222.76261,31.49559404,32.84371557,1.040259864,7.072818176,6.799087828,35.38380401,36.90888385,1.040689054,7.052585381,6.776842087,29.18105096,0.086563799,0.079316646,0.174600368,-0.250519415,-0.310228644,0.123452505,0.171874511,0.00041258,-0.003271871,-0.048422006
2011-09-30,222.76261,257.8883596,35.97743412,33.6069605,0.9245382,7.1680587,7.753123346,31.23069558,29.19798699,0.925614862,7.132809754,7.706023363,35.38380401,-0.111609567,0.016776888,-0.089461479,0.01637319,0.144061385,-0.13193655,-0.188436093,0.001164541,-0.006074969,0.056499543
2011-10-31,257.8883596,251.8652703,28.46886036,29.72648135,1.043083961,8.847044353,8.481622464,29.58578821,30.92255727,1.044134806,8.716629679,8.34818419,31.23069558,0.126909261,-0.088433356,0.01810037,0.240330902,0.100648423,0.039233318,0.0861888,0.001007441,-0.015732635,-0.046955482
2011-11-30,251.8652703,248.4308097,37.06832917,37.95875623,1.019456426,6.701969452,6.574061706,37.62156491,38.51684632,1.01909757,6.694704776,6.569248099,29.58578821,-0.023635243,0.252909975,0.227542596,-0.231128349,-0.212515973,0.014924755,0.039076947,-0.000352007,-0.000732212,-0.024152192
2011-12-31,248.4308097,272.5763486,36.96324952,36.82848783,1.000932457,7.374252863,7.367383094,33.78222501,33.66567763,1.001095186,7.353891274,7.345846203,37.62156491,-0.017824705,-0.017498352,-0.043834287,0.10150531,0.121495639,-0.086059114,-0.089212175,0.000162578,-0.002923276,0.003153061
2012-01-31,272.5763486,293.8619557,38.27237578,38.32095304,0.999977205,7.678173872,7.678348901,34.95468852,35.00107926,1.000050358,7.79799106,7.79759839,33.78222501,-0.001116758,0.132914595,0.138279569,0.044096735,0.045264043,-0.086686211,-0.085474091,7.32E-05,0.015530616,-0.001212121
2012-02-29,293.8619557,299.5724359,29.40809085,29.49760104,1.004731925,10.18673526,10.13875941,28.86088999,28.95949793,1.005070994,10.18201296,10.13064054,34.95468852,0.004681331,-0.158679648,-0.157237386,0.306328153,0.300241292,-0.018607154,-0.015254065,0.000337472,-0.000800775,-0.003353089
2012-03-31,299.5724359,293.7021907,30.51176344,30.32854876,0.996177653,9.625867455,9.662802034,31.16783776,30.96982445,0.995739623,9.611588657,9.65271285,28.86088999,-0.00884847,0.057201058,0.047274674,-0.054620388,-0.046180545,0.02150234,0.015012604,-0.000439711,-0.001044126,0.006489737
2012-04-30,293.7021907,263.8010882,26.82845604,26.78343571,0.997323132,9.832883703,9.859275681,30.16655508,30.1110001,0.997024578,9.736020236,9.765075457,31.16783776,0.001590284,-0.139226267,-0.135176379,0.023023774,0.021399459,0.124423822,0.122353073,-0.000299356,-0.009554477,0.002070748
2012-05-31,263.8010882,275.982459,29.33704373,28.45567886,0.97147941,9.407302983,9.683481595,27.6392821,26.7870909,0.970903173,9.544426199,9.830461431,30.16655508,-0.025621403,-0.027497715,-0.054973971,-0.033763,-0.008355682,-0.057870917,-0.086919216,-0.000593153,0.015178408,0.029048299
2012-06-30,275.982459,277.6842552,27.52667257,28.65728304,1.036733885,10.08782498,9.730389954,27.05937682,28.16303164,1.036445786,10.1991432,9.840498494,27.6392821,0.067803581,-0.004074257,0.069816919,0.056933625,-0.010179733,-0.016976107,0.023117908,-0.000277891,0.011315943,-0.040094015
2012-07-31,277.6842552,290.546795,31.54939681,31.91412838,1.007299108,9.209266242,9.142533898,30.07176775,30.41043184,1.007216697,9.234051602,9.167889724,27.05937682,-0.028121758,0.165932128,0.133192221,-0.097054913,-0.070927768,-0.046835414,-0.036101006,-8.18E-05,0.002773392,-0.010734408
2012-08-31,290.546795,296.3586858,31.77370523,31.71513542,0.997919412,9.327167975,9.346614427,31.1428728,31.06105522,0.997386762,9.329479552,9.353923578,30.07176775,-0.009230669,0.056595857,0.042903159,0.010084021,0.019494639,-0.019853915,-0.022428924,-0.00053376,0.000782011,0.002575009
2012-09-30,296.3586858,299.0595851,33.29087885,32.846866,0.986342086,8.983228904,9.107619991,33.02434778,32.56269465,0.985777064,8.973945158,9.103422551,31.1428728,-0.011073614,0.068972637,0.057493564,-0.037113608,-0.02633158,-0.008006129,-0.021873385,-0.000572846,-0.000460871,0.013867256
2012-10-31,299.0595851,299.5908405,35.28141629,34.80456413,0.986036882,8.491462987,8.611709301,35.35172443,34.85056301,0.985067596,8.459547304,8.58778356,33.02434778,0.000263566,0.068345589,0.068847787,-0.053764778,-0.054014108,0.001992781,-0.012211904,-0.000983012,-0.00277828,0.014204685
2012-11-30,299.5908405,317.774286,35.98667387,35.71738388,1.002275469,8.830332226,8.810284698,32.91318307,32.74650666,1.00330404,9.102457209,9.072481368,35.35172443,0.017468723,0.017960918,0.024872507,0.04383035,0.02590903,-0.085406359,-0.090037974,0.001026236,0.029760295,0.004631615
2012-12-31,317.774286,346.5889081,34.19223667,34.66883743,1.01258579,10.13647956,10.01048964,31.32891794,31.76863719,1.012659256,10.14316187,10.01636218,32.91318307,0.009251184,0.038861437,0.058703384,0.113598156,0.103390487,-0.083741779,-0.070881572,7.26E-05,0.000586639,-0.012860207
2013-01-31,346.5889081,352.7672607,32.81802089,34.46395933,1.046096633,10.74919362,10.27552645,32.11351141,33.69740133,1.045495269,10.79261946,10.32297302,31.32891794,0.033019377,0.04753126,0.084842234,0.059747814,0.025874091,-0.021467153,0.026795657,-0.000574865,0.004617435,-0.04826281
2013-02-28,352.7672607,378.2298561,35.11579944,35.00250947,0.993299546,10.7709311,10.84358806,32.7778138,32.65714161,0.992731232,10.76237918,10.84118121,32.11351141,-0.049924399,0.093489871,0.038730231,-0.002009555,0.050432665,-0.066579308,-0.070015716,-0.000572148,-0.000221961,0.003436407
2013-03-31,378.2298561,385.4687043,32.47130404,33.13374619,1.01830556,11.8710571,11.65765716,31.79323327,32.43548208,1.018142191,11.8965521,11.68456843,32.7778138,0.025761583,-0.009351135,0.014594191,0.103014204,0.075312452,-0.020882154,-0.001103188,-0.000160432,0.002308463,-0.019778966
2013-04-30,385.4687043,408.1950616,37.83942026,38.15509599,1.008112925,10.78756119,10.70074684,35.84666082,36.13192594,1.00776342,10.75326671,10.6704277,31.79323327,-0.009850556,0.190172133,0.176338181,-0.093219523,-0.084198368,-0.052663583,-0.045124748,-0.000346692,-0.002833367,-0.007538834
2013-05-31,408.1950616,402.0075214,37.45433841,37.67730568,1.001512187,10.73326985,10.71706365,38.1762874,38.42510497,1.001965774,10.69237187,10.67139433,35.84666082,-0.006203075,0.044848741,0.042770478,-0.001859607,0.004370579,0.019275444,0.025918668,0.000452902,-0.004261365,-0.006643224
2013-06-30,402.0075214,424.9569236,40.61521263,40.0679631,0.989087235,10.46299886,10.57843888,38.38182462,37.85504637,0.988998448,10.47390335,10.59041434,38.1762874,-0.012853272,0.063885867,0.042754812,-0.021452023,-0.008710712,-0.054988953,-0.067958927,-8.98E-05,0.001132063,0.012969974
2013-07-31,424.9569236,418.4374912,37.94488994,38.18360137,1.002059908,11.02750573,11.00483678,38.64647189,38.88004184,1.001816645,10.99600825,10.97606863,38.38182462,0.013206755,-0.011383895,0.008679292,0.052855403,0.039131844,0.018489498,0.024645002,-0.000242763,-0.002614137,-0.006155505
2013-08-31,418.4374912,434.4412964,39.53835138,38.71833249,0.97343557,10.9878455,11.28769673,38.27635492,37.49695538,0.973716711,10.93200991,11.22709489,38.64647189,-0.02832961,0.023077902,-0.004159187,-0.000742337,0.028391595,-0.031918287,-0.051630782,0.000288813,-0.00536884,0.019712495
2013-09-30,434.4412964,461.8618893,40.59983172,40.10924592,0.98987887,11.37595576,11.49227052,38.06446725,37.60469129,0.989675818,11.41330295,11.53236518,38.27635492,0.01659842,0.060702666,0.069666737,0.040609719,0.023619256,-0.062447659,-0.073772238,-0.000205128,0.003488837,0.011324578
2013-10-31,461.8618893,484.1939648,42.93790985,43.83810375,1.019581896,11.2766077,11.06003132,40.57563915,41.41919186,1.019616841,11.38273848,11.16374115,38.06446725,0.030218054,0.128031283,0.165761564,-0.011976835,-0.040957241,-0.055015968,-0.035370096,3.43E-05,0.009376992,-0.019645873
2013-11-30,484.1939648,506.7620193,39.94148574,40.8601865,1.02130482,12.68761064,12.42294209,38.23042831,39.08839428,1.020769827,12.66514622,12.40744573,40.57563915,0.001655503,-0.01562892,-0.013496289,0.114636048,0.112793814,-0.042839103,-0.021358531,-0.000523833,-0.001247399,-0.021480572
2013-12-31,506.7620193,490.2456756,37.13610884,37.97228891,1.02367594,13.20132052,12.8959957,38.64215993,39.5172751,1.023640246,13.11422602,12.81136226,38.23042831,0.002846982,-0.028624306,-0.02855337,0.042334631,0.039375548,0.040554897,0.064119972,-3.49E-05,-0.006562769,-0.023565074
2014-01-31,490.2456756,509.8047421,44.29582677,43.02693961,0.972420521,11.50909192,11.83550909,42.46291505,41.26007454,0.972793749,11.54526662,11.86815462,38.64215993,-0.050036842,0.146308251,0.088813424,-0.122396403,-0.076170914,-0.041378881,-0.068533595,0.000383812,0.00275827,0.027154714
2014-02-28,509.8047421,524.075945,41.37805119,42.02200248,1.015489374,12.66555408,12.47236496,40.19182867,40.82950424,1.01593499,12.6842883,12.48533462,42.46291505,0.043889699,-0.025548502,0.01846647,0.097034351,0.050910218,-0.028667917,-0.013256955,0.000438819,0.001039872,-0.015410962
2014-03-31,524.075945,536.1220471,44.19865054,44.65785676,1.008890132,12.12982841,12.02294286,43.01073425,43.4632802,1.009057427,12.18477094,12.0753989,40.19182867,-0.006934359,0.09969245,0.093764365,-0.043712337,-0.037034791,-0.026876755,-0.016637846,0.000165821,0.004362995,-0.010238909
2014-04-30,536.1220471,540.1102528,39.46008883,40.10433982,1.015587142,13.68750727,13.47743261,39.17908254,39.83920476,1.016131407,13.68388467,13.46664868,43.01073425,0.006471104,-0.082552541,-0.077282257,0.123329058,0.116106617,-0.007121279,0.009607579,0.000535911,-0.000800147,-0.016728858
2014-05-31,540.1102528,549.9779284,40.72401958,41.23533526,1.011323023,13.50500108,13.35379574,39.95683213,40.44797067,1.011216776,13.51734419,13.36740501,39.17908254,-0.004732049,0.039432701,0.035044136,-0.013072574,-0.00838018,-0.018838697,-0.006778528,-0.000105058,0.001019131,-0.012060169
2014-06-30,549.9779284,534.6747701,39.31732264,38.97957114,0.990255878,13.59896184,13.73277568,40.18473628,39.87780384,0.991315836,13.68623959,13.80613432,39.95683213,-0.020728392,-0.01600501,-0.036303417,0.006037994,0.027332954,0.022061869,0.014255325,0.001070388,0.005341865,0.007806545
2014-07-31,534.6747701,563.2874293,42.84406422,42.26247855,0.982813739,13.14738551,13.37729113,40.740579,40.17395109,0.98252048,13.12388737,13.35736775,40.18473628,-0.008576577,0.066177564,0.05979955,-0.03937196,-0.031061786,-0.049096305,-0.062321659,-0.000298388,-0.001489343,0.013225354
2014-08-31,563.2874293,550.8280592,38.81634616,40.03891223,1.031919753,14.19062106,13.75167111,39.87348917,41.1209175,1.03173436,14.12686577,13.69234787,40.740579,0.050278111,-0.047231357,-0.003361353,0.081281838,0.029519541,0.02723448,0.059371156,-0.000179658,-0.004313893,-0.032136676
2014-09-30,550.8280592,558.2195959,40.46322045,39.55601926,0.978588165,13.79572831,14.09758344,39.83357135,38.9319104,0.97827739,13.82823685,14.1352923,39.87348917,-0.05151151,0.014790059,-0.038056015,-0.023440264,0.029595769,-0.015561023,-0.037844493,-0.000317575,0.002674845,0.02228347
2014-10-31,558.2195959,570.8961715,53.28988305,55.20075528,1.037224197,10.71303104,10.32855874,52.69591849,54.60297058,1.037686912,10.59322262,10.20849594,39.83357135,0.060255719,0.337813338,0.417879439,-0.225278598,-0.269307028,-0.011145916,0.024640466,0.000446108,-0.011624351,-0.035786382
2014-11-30,570.8961715,590.6359042,58.76924131,58.338107,1.001787191,10.05008557,10.03215619,57.2033585,56.75336495,1.001106363,9.980116316,9.969086888,52.69591849,-0.034595907,0.115252243,0.06840537,-0.051272126,-0.017273823,-0.026644598,-0.034301555,-0.000679614,-0.006286715,0.007656957
2014-12-31,590.6359042,528.4118193,43.58533613,44.42328335,1.018826368,12.12361464,11.8995886,57.73967009,58.7510223,1.018288548,10.22929129,10.04557236,57.2033585,0.017700422,-0.238063336,-0.217257278,0.214776888,0.1936488,0.324749909,0.347953865,-0.000527882,-0.155805071,-0.023203956
2015-01-31,528.4118193,574.9152491,49.94129003,49.19056312,0.979312328,11.51182216,11.75500586,45.73913309,44.98113546,0.978069914,11.55272922,11.81176218,57.73967009,-0.038276204,-0.135061043,-0.162728388,0.125378272,0.170167856,-0.084141938,-0.099319712,-0.00126866,0.004828268,0.015177774
2015-02-28,574.9152491,565.4481686,40.99817903,41.39520848,1.006711185,13.7920313,13.70008748,41.62770757,42.007119,1.006261168,13.81087941,13.72494521,45.73913309,0.02928346,-0.103652031,-0.079720686,0.193833166,0.159868212,0.015355036,0.024609385,-0.000447017,0.001814422,-0.009254348
2015-03-31,565.4481686,566.333092,41.32994135,41.49598614,1.002886826,13.70273157,13.66328803,41.16389643,41.33820783,1.002941036,13.73650742,13.69622632,41.62770757,-0.003353347,-0.007153078,-0.012167768,-0.007830626,-0.004492344,-0.004017545,0.000200012,5.41E-05,0.002410714,-0.004217557
2015-04-30,566.333092,570.4321416,40.85214481,40.64401267,0.997061673,13.96333398,14.00448372,40.5131419,40.31588657,0.997216625,13.97899707,14.01801446,41.16389643,-0.005862122,-0.007573424,-0.016793064,0.016512681,0.02250674,-0.008298289,-0.013126807,0.000155408,0.000966172,0.004828518
2015-05-31,570.4321416,558.0173346,49.78946558,49.77394345,0.993555964,11.20753814,11.28022834,50.69927934,50.70021303,0.993696934,11.25128698,11.32265441,40.5131419,-0.003670878,0.22897073,0.234598757,-0.198258782,-0.195304844,0.018273218,0.018291971,0.000141884,0.003761101,-1.88E-05
2015-06-30,558.0173346,553.8478811,46.72890768,45.93979604,0.97949503,11.85236096,12.10048096,47.06232956,46.24712802,0.979132466,11.85698498,12.10968422,50.69927934,-0.014291987,-0.078312191,-0.093893432,0.053422687,0.068696483,0.007135238,-0.010310099,-0.000370154,0.00076057,0.017445337
2015-07-31,553.8478811,525.5701992,49.37832089,49.07723511,0.991246709,10.64374385,10.73773436,51.76263345,51.4460017,0.991353987,10.69976244,10.79307955,47.06232956,0.012372425,0.049211149,0.061195305,-0.102322903,-0.113293612,0.048286627,0.041874263,0.000108225,0.00515427,0.006412364
2015-08-31,525.5701992,500.5583654,50.48860436,48.83752847,0.968031834,9.91428406,10.24169217,52.80579592,51.09828926,0.968168727,9.952888505,10.28011774,51.76263345,-0.023525555,-0.024612911,-0.050703128,-0.073410824,-0.051087123,0.045895338,0.012075693,0.000141413,0.003751878,0.033819645
2015-09-30,500.5583654,543.20673,54.57127525,53.5602418,0.976712568,9.954077994,10.19140976,50.09045198,49.15893995,0.976769925,9.993089413,10.23075051,52.80579592,0.008824744,0.033433438,0.048180724,0.000119512,-0.008629083,-0.082109557,-0.099179198,5.87E-05,0.003860188,0.01706964
2015-10-31,543.20673,540.8425648,50.20078172,50.65102151,1.004781617,10.7735885,10.72231848,49.80456274,50.21405764,1.004450958,10.90676637,10.85843593,50.09045198,0.028677882,0.00220261,0.030352192,0.078103884,0.048048085,-0.007892685,0.000264456,-0.000329086,0.012694777,-0.008157142
2015-11-30,540.8425648,513.9850091,47.70029898,47.71194209,0.998517892,10.77529953,10.79129339,50.03712491,50.06163192,0.998155019,10.80882576,10.8288047,49.80456274,-0.005906776,-0.042250421,-0.049828985,-0.012053696,-0.006183444,0.048989754,0.049503525,-0.000363411,0.003476071,-0.000513771
2015-12-31,513.9850091,470.5273521,44.16427244,44.0559704,0.998415386,10.65402703,10.67093634,48.37100341,48.2762624,0.999033676,10.62589098,10.63616897,50.03712491,0.000260848,-0.117369903,-0.119965357,-0.014321513,-0.014578558,0.095251903,0.093106707,0.000619272,-0.003258137,0.002145196
2016-01-31,470.5273521,469.3299558,56.50551675,55.79153531,0.99177741,8.305913877,8.374776227,56.11460382,55.44109878,0.99248894,8.385114036,8.448571768,48.37100341,-0.007263285,0.168169208,0.155672219,-0.218332478,-0.212613465,-0.006918137,-0.018837417,0.000717429,0.008811643,0.011919279
2016-02-29,469.3299558,512.3719814,55.42333133,57.12343271,1.028934315,9.24469838,8.984731329,51.09194608,52.679118,1.029487765,9.185987064,8.922871525,56.11460382,0.036721191,-0.012318941,0.030344527,0.102513137,0.063461562,-0.078150937,-0.049513684,0.000537886,-0.006884992,-0.028637252
2016-03-31,512.3719814,520.8385665,53.4785044,53.19808731,0.999637258,9.739213396,9.742747497,52.40292716,52.15026142,1.000206911,9.777545057,9.77552239,51.09194608,-0.028995494,0.046711048,0.009851519,0.060225028,0.091884767,-0.020112328,-0.024836951,0.00056986,0.00336403,0.004724622
2016-04-30,520.8385665,520.4479291,52.86849652,53.245472,1.006122319,9.844197647,9.784295074,53.04344045,53.41136356,1.005742006,9.819094728,9.763035317,52.40292716,0.005914184,0.008884415,0.021001056,0.006816904,0.000897413,0.003309039,0.010268252,-0.000377998,-0.002172845,-0.006959213
2016-05-31,520.4479291,513.563425,55.36094864,56.29584388,1.022878248,9.276637008,9.069150724,57.14758097,58.1507648,1.023801317,9.107085904,8.895364515,53.04344045,0.017038407,0.043690759,0.054004993,-0.055245186,-0.07107263,0.03227243,0.050393214,0.000902422,-0.019162347,-0.018120785
2016-06-30,513.563425,544.2389156,65.73418558,64.33239717,0.989582625,8.279389344,8.366546796,61.13419376,59.88916812,0.990523008,8.400592098,8.480966148,57.14758097,-0.033423176,0.15025316,0.106303544,-0.090884897,-0.059448684,-0.069978684,-0.088918991,0.000950282,0.013675816,0.018940307
2016-07-31,544.2389156,570.9427189,54.01517447,55.16629948,1.02074093,10.57004304,10.35526521,51.47945618,52.54296823,1.019932911,10.57196319,10.36535156,61.13419376,0.030507037,-0.116449058,-0.078860148,0.258249766,0.221000653,-0.046944554,-0.027255419,-0.000791601,0.000974031,-0.019689135
2016-08-31,570.9427189,576.8730608,47.6810752,48.9111117,1.02590922,12.09857492,11.7930268,47.81955522,49.06550783,1.026368845,11.93952383,11.63278084,51.47945618,0.005859512,-0.073784404,-0.069121648,0.144401916,0.137735342,0.002904297,0.029035265,0.000448017,-0.013588196,-0.026130967
2016-09-30,576.8730608,585.0792447,52.41235338,52.35427008,1.000376209,11.16300275,11.1588047,51.22882855,51.20347452,1.001127881,11.26071154,11.24802511,47.81955522,-0.025324848,0.096044351,0.067027988,-0.06503786,-0.040744869,-0.022581028,-0.02306477,0.000751389,0.007995517,0.000483741
2016-10-31,585.0792447,654.803749,60.76744554,60.63240854,0.996070061,10.77556812,10.81808253,54.77576568,54.65609821,0.996047117,10.68135219,10.72374188,51.22882855,-0.005052122,0.186196274,0.184146371,-0.043082839,-0.038223829,-0.09860016,-0.10056943,-2.30E-05,-0.008720644,0.001969269
2016-11-30,654.803749,661.3154965,50.98301085,51.4043658,1.003640121,12.97129152,12.9242457,50.32034934,50.76441002,1.004226022,13.01270277,12.95794221,54.77576568,0.007623137,-0.069241475,-0.059494412,0.214386652,0.205199252,-0.012997693,-0.004287719,0.000583776,0.002607232,-0.008709974
2016-12-31,661.3154965,662.1325828,51.83971033,50.33398835,0.967659676,12.77269064,13.19956897,51.93548047,50.40402152,0.967545316,12.7334048,13.1605255,50.32034934,-0.036412466,0.030193769,-0.008478808,-0.018444449,0.018647001,0.001847428,-0.027694769,-0.000118183,-0.002957935,0.029542197
2017-01-31,662.1325828,688.3963423,50.06511223,49.6038624,0.996660248,13.75002096,13.7960965,48.76623299,48.30945128,0.995776274,13.57768567,13.63527735,51.93548047,0.030091543,-0.036013304,-0.015874906,0.079838517,0.04829374,-0.0259438,-0.035067553,-0.000886936,-0.011656859,0.009123753
2017-02-28,688.3963423,677.1581295,48.09325458,48.31562326,1.003572558,14.08010615,14.02998322,48.77137398,49.00439306,1.003712894,14.11476213,14.06254937,48.76623299,0.007829353,-0.01380009,0.000127759,0.037003396,0.028947403,0.014100094,0.018945245,0.000139836,0.002321183,-0.004845151
2017-03-31,677.1581295,688.5736068,49.9034988,50.0697556,1.005043427,13.79810281,13.72886229,49.19621384,49.33412311,1.004611251,13.76443585,13.70125592,48.77137398,0.001325612,0.023212896,0.021740144,-0.02243462,-0.023728776,-0.014173054,-0.011409534,-0.000430007,-0.002010827,-0.002763519
2017-04-30,688.5736068,669.5298409,48.81402724,49.64239661,1.015935461,13.71593123,13.50078993,50.24174887,51.06887298,1.015112793,13.70520776,13.50116742,49.19621384,0.01127223,-0.007768618,0.006248687,-0.003523909,-0.014631213,0.029248184,0.046192577,-0.000809764,2.80E-05,-0.016944394
2017-05-31,669.5298409,684.5825814,52.87292601,52.23852364,0.98738957,12.94769617,13.11305746,51.57306245,50.97177382,0.987693113,12.98216179,13.14392256,50.24174887,-0.027310485,0.052370333,0.022903397,-0.055271807,-0.0287464,-0.024584672,-0.035957007,0.000307419,0.002353769,0.011372335
2017-06-30,684.5825814,702.2191586,53.22459259,53.37593063,1.000532134,13.19350933,13.18649235,51.96518682,52.12603457,1.000661357,13.17386934,13.16516247,51.57306245,0.012998998,0.032023115,0.047166434,0.016279841,0.003238743,-0.023662102,-0.020640046,0.000129154,-0.001617555,-0.003022057
2017-07-31,702.2191586,674.6940569,46.7497147,47.43812992,1.009948005,14.43204651,14.28989061,48.29809637,49.00284022,1.010110047,14.53927197,14.39375047,51.96518682,0.009280511,-0.100364733,-0.089934036,0.095505515,0.08543215,0.033120666,0.048195492,0.000160446,0.007268065,-0.015074827
2017-08-31,674.6940569,709.831411,58.21099328,57.54963247,0.985185658,12.19411267,12.37747685,55.20837317,54.51997907,0.984270552,12.22086467,12.41616408,48.29809637,-0.024674925,0.20524405,0.174414222,-0.161298262,-0.140079795,-0.051581668,-0.063407511,-0.000928867,0.003125615,0.011825843
2017-09-30,709.831411,708.8106789,53.40420286,54.4746852,1.017618251,13.2725636,13.04277275,53.54003383,54.59584297,1.017474095,13.25795597,13.0302639,55.20837317,0.033880623,-0.032679288,-0.000830776,0.086057653,0.050467171,0.002543451,0.022313602,-0.000141661,-0.000959064,-0.019770151
2017-10-31,708.8106789,732.6638274,56.30003187,55.11755668,0.981720049,13.01355973,13.2558765,53.77858297,52.69910703,0.982062239,13.18016652,13.42090756,53.54003383,-0.035140006,0.051550174,0.009555924,-0.018433931,0.017314507,-0.044785923,-0.063959553,0.000348561,0.012449653,0.019173629
2017-11-30,732.6638274,754.4576461,51.89645763,54.33114136,1.037347112,14.53774844,14.01435284,49.97998095,52.2923439,1.036837489,14.65914579,14.13832538,53.77858297,0.056294674,-0.034997674,0.030968918,0.103001879,0.044217969,-0.036928853,0.007628387,-0.000491275,0.008846113,-0.044557241
2017-12-31,754.4576461,791.6696095,51.05366753,51.3759893,1.004104062,15.50661584,15.44323584,49.05533666,49.33295958,1.003637553,15.37972619,15.32398438,49.97998095,-0.031570451,0.021482333,-0.017523686,0.057811694,0.09229597,-0.039141769,-0.033703905,-0.000464602,-0.007721922,-0.005437864
2018-01-31,791.6696095,764.5336253,51.49183973,50.19593037,0.98763561,14.84766575,15.03354639,53.71171991,52.33465271,0.986778218,14.73923402,14.93672413,49.05533666,-0.015943947,0.049668461,0.017492784,-0.034594923,-0.018953164,0.043111301,0.016367894,-0.000868125,-0.006440414,0.026743407
2018-02-28,764.5336253,767.2074952,65.124422,65.18795794,0.99299525,11.78064191,11.86374448,65.16767241,65.21610856,0.992936342,11.73179273,11.81525163,53.71171991,0.006300333,0.212480667,0.245598367,-0.200729027,-0.205733173,0.00066412,0.001407867,-5.93E-05,-0.004087483,-0.000743748
2018-03-31,767.2074952,799.0441711,59.67779485,58.80575113,0.98004794,13.38930457,13.66188737,57.84229239,57.04002592,0.980898472,13.26378094,13.5220732,65.16767241,-0.012980089,-0.084242345,-0.098294081,0.141283764,0.156292544,-0.030756875,-0.044200174,0.000867847,-0.010233884,0.0134433
2018-04-30,799.0441711,778.9571163,63.31994584,62.90842813,0.990630664,12.30192329,12.41827428,64.5900297,64.21809309,0.99165597,12.37101415,12.47510681,57.84229239,0.009921712,0.094699799,0.10288218,-0.072517607,-0.081629415,0.020058196,0.014184271,0.001035004,0.004576524,0.005873925
2018-05-31,778.9571163,783.7822123,65.53089638,64.58202508,0.985429974,11.96049887,12.13734024,65.10877901,64.16147314,0.985286464,11.96393372,12.14259421,64.5900297,-0.006278383,0.014566748,0.005667125,-0.03318364,-0.027075245,-0.006441502,-0.020897368,-0.000145632,0.000432877,0.014455866
2018-06-30,783.7822123,796.6457192,65.01907808,63.03195549,0.968906164,12.25249177,12.64569494,64.22583029,62.30582412,0.969469925,12.20353569,12.5878435,65.10877901,-0.016624911,-0.001377709,-0.017604297,0.024118995,0.041432722,-0.012200231,-0.04173012,0.000581853,-0.004574793,0.029529889
2018-07-31,796.6457192,813.0428043,62.42243753,62.38947455,1.001300642,13.0248487,13.00793005,62.00171244,61.93702807,1.001165326,12.84876962,12.83381404,64.22583029,0.032833114,-0.028078933,0.001342578,0.067301234,0.0333724,-0.006739966,-0.007776202,-0.000135139,-0.013385374,0.001036236
2018-08-31,813.0428043,810.1816396,68.19819679,67.7037152,0.998197851,11.87981028,11.90125812,67.97058612,67.50276857,0.998392269,11.96168594,11.98094808,62.00171244,-0.002964021,0.099940536,0.093105648,-0.075412617,-0.072663973,-0.003337488,-0.010197164,0.000194769,0.006695927,0.006859676
2018-09-30,810.1816396,743.7427349,62.10572418,61.80898683,0.989288458,11.97542972,12.10509394,67.27074318,66.98871324,0.989810255,12.04359579,12.16758034,67.97058612,-0.009118472,-0.086285293,-0.084348862,0.001148983,0.01036194,0.083164943,0.078623816,0.000527447,0.005161991,0.004541126
2018-10-31,743.7427349,738.0940103,72.09072159,69.46053684,0.957192697,10.23840508,10.69628416,71.94763205,69.36101911,0.956883998,10.33727885,10.80306377,67.27074318,-0.032953345,0.071650441,0.036899106,-0.149888019,-0.120919372,-0.001984854,-0.037864824,-0.000322504,0.009982869,0.03587997
2018-11-30,738.0940103,659.3935948,61.34283242,61.06236917,0.989923154,10.74931771,10.85873955,68.84174737,68.53883491,0.990307206,10.72160482,10.82654428,71.94763205,0.03452786,-0.14739609,-0.119644291,0.039859509,0.005153703,0.122245985,0.117307959,0.000387962,-0.002964919,0.004938025
2018-12-31,659.3935948,734.3105796,76.78046018,74.18454012,0.966981488,9.563768931,9.890333007,68.49361363,66.20926121,0.967292167,9.627081416,9.952609707,68.84174737,-0.023554022,0.115318293,0.082372355,-0.107990912,-0.086473693,-0.107929108,-0.137680849,0.000321288,0.006296724,0.029751742
2019-01-31,734.3105796,745.9853438,74.30145289,77.23429885,1.039571696,10.03998327,9.657807449,73.23148731,76.08897882,1.039008827,10.02725203,9.65078618,68.49361363,0.074723574,0.08479388,0.166518059,0.042889619,-0.029620599,-0.014400332,0.024057752,-0.000541443,-0.000727004,-0.038458084
2019-02-28,745.9853438,736.029165,68.37455149,68.96733382,1.005785982,10.76466535,10.70273948,69.58598232,70.20384999,1.005758997,10.72033934,10.65895446,73.23148731,-0.031975517,-0.066323053,-0.093596275,0.073540918,0.109001825,0.017717569,0.026754084,-2.68E-05,-0.004091011,-0.009036515
2019-03-31,736.029165,775.2017571,75.28513238,74.60070665,0.992516419,10.29687712,10.37451564,70.76137856,70.11930954,0.992706499,10.40156622,10.47798743,69.58598232,-0.01316675,0.081900835,0.062629851,-0.039500822,-0.026685433,-0.060088276,-0.068616773,0.000191513,0.00997365,0.008528497
2019-04-30,775.2017571,684.2158537,61.80942015,62.1674428,1.003792662,11.06976658,11.02794133,69.73521548,70.10440839,1.00323005,11.11635996,11.08056917,70.76137856,0.011167614,-0.126509101,-0.113404807,0.06424036,0.052486597,0.128229569,0.134202654,-0.000560486,0.004772227,-0.005973085
2019-05-31,684.2158537,764.6660749,74.01058318,68.81207994,0.926604292,10.33184772,11.15022648,66.3453374,61.75065907,0.927814618,10.31294557,11.11530836,69.73521548,-0.07637905,0.06130859,-0.018434339,-0.070572763,0.006286438,-0.10356959,-0.165650959,0.001306194,-0.003131606,0.062081369
2019-06-30,764.6660749,776.7992887,69.18818028,71.61348652,1.041190051,11.22734094,10.78318115,68.31284969,70.68705346,1.040235288,11.19359064,10.76063345,66.3453374,0.122196214,0.042849174,0.159720197,0.08866481,-0.029880161,-0.012651447,0.021663717,-0.000916992,-0.002091006,-0.034315164
2019-07-31,776.7992887,723.6636661,63.51092195,63.17490088,0.992857885,11.39431839,11.47628333,68.36456128,67.99935301,0.993035042,11.36260182,11.44229694,68.31284969,-0.045544891,-0.070293184,-0.106273387,0.017932383,0.066506296,0.076422121,0.070671798,0.000178432,-0.002961446,0.005750322
2019-08-31,723.6636661,779.8409317,78.07286322,77.57784645,0.998643145,9.988629845,10.00220139,72.61164314,72.0939512,0.998046532,9.966220771,9.985727569,68.36456128,0.005647436,0.142007815,0.140861538,-0.120920543,-0.125857209,-0.069950298,-0.07658118,-0.000597423,-0.001647019,0.006630882
2019-09-30,779.8409317,800.213528,74.37975637,74.93255983,1.010341356,10.75848547,10.64836691,72.4378485,72.9139921,1.00953407,10.76565563,10.66398446,72.61164314,0.012318889,0.024350272,0.039373742,0.079494998,0.066358644,-0.026108016,-0.019706495,-0.000799024,0.001466661,-0.006401521
2019-10-31,800.213528,845.6852278,82.54609081,83.53345509,1.009724772,10.24500639,10.14633559,78.13619469,79.07940634,1.009617051,10.24126567,10.14371306,72.4378485,0.000188901,0.139543657,0.145643692,-0.048362056,-0.048541788,-0.05342344,-0.041996955,-0.000106684,-0.00025847,-0.011426485
2019-11-30,845.6852278,818.3897855,71.15255884,70.79584256,0.994075222,11.50190237,11.57045475,76.90712697,76.84364332,0.996249254,10.99618801,11.0375872,78.13619469,-0.015393786,-0.089377732,-0.104749949,0.123093839,0.140652804,0.080876475,0.079984256,0.002186989,-0.046054158,0.000892219
2019-12-31,818.3897855,765.5798473,68.2989868,68.46386222,1.00495711,11.20924165,11.15395029,72.85838524,73.03064584,1.005194749,11.23260943,11.1745604,76.90712697,0.00874064,-0.111929031,-0.109049763,0.019375226,0.010542438,0.066756458,0.069278612,0.000236466,0.001847786,-0.002522155
2020-01-31,765.5798473,656.6886789,59.60419872,56.51521579,0.948911193,11.01749026,11.6106653,68.64009402,65.0726174,0.948748684,11.15353728,11.75605032,72.85838524,-0.055992688,-0.181917105,-0.226143831,-0.019151309,0.039026582,0.151598302,0.091745528,-0.000171258,0.012521679,0.059852774
2020-02-29,656.6886789,456.7529468,46.04224523,38.97095267,0.847344385,9.920301333,11.70752,67.40998038,56.82582353,0.844327974,9.74171295,11.53783038,68.64009402,-0.10688215,-0.329222288,-0.40111595,-0.110569043,-0.004128114,0.464089773,0.234210522,-0.00355984,-0.014494071,0.229879251
2020-03-31,456.7529468,547.201582,92.15086874,83.4760831,0.916574284,5.938105516,6.478586209,76.54610608,69.37176446,0.916933771,5.967030462,6.507591554,67.40998038,0.085566643,0.367021148,0.468981493,-0.390445444,-0.438491814,-0.16933929,-0.247193592,0.000392207,0.00447711,0.077854303
2020-04-30,547.201582,581.0078946,93.60347093,102.2396395,1.081874426,6.207119125,5.737374851,88.0605419,96.18996176,1.082133666,6.213924763,5.742289476,76.54610608,0.179882845,0.222837787,0.473793269,0.04023587,-0.118356645,-0.059217131,0.027632424,0.000239621,0.000856598,-0.086849556
2020-05-31,581.0078946,592.026586,65.77370539,71.19603835,1.072289008,9.00096144,8.394156211,63.49286396,68.6692297,1.071210005,9.150758973,8.542450995,88.0605419,-0.009097451,-0.253085389,-0.259839207,0.448514712,0.461813488,-0.034677101,0.044022521,-0.001006262,0.017666431,-0.078699622
2020-06-30,592.026586,601.5516984,69.13113366,66.19046533,0.955721278,8.701603265,9.104749957,67.76831472,64.91091082,0.955990263,8.736038197,9.138208345,63.49286396,-0.107811472,0.088801628,-0.036097163,-0.049083984,0.065824078,-0.019713534,-0.061046631,0.000281447,0.003674828,0.041333098
2020-07-31,601.5516984,620.2016719,60.29858244,61.01216522,1.008893197,10.28550999,10.19484522,58.4427204,59.18563271,1.009798866,10.2930133,10.19313217,67.76831472,0.055338361,-0.110224554,-0.060063024,0.177365501,0.115628451,-0.030777872,-0.018457312,0.000897686,-0.000168032,-0.01232056
2020-08-31,620.2016719,604.8701535,49.88925643,49.7192,0.998734419,12.12425674,12.13962042,50.92619979,50.71974551,0.998064289,12.17844007,12.20205973,58.4427204,-0.01095708,-0.146356363,-0.159944775,0.177911306,0.190960759,0.020784903,0.016646652,-0.000670979,0.005143432,0.004138251
2020-09-30,604.8701535,607.6852273,51.68881627,50.68899845,0.976929128,11.75660948,12.03425012,51.53547307,50.51824796,0.976438239,11.73696713,12.02018383,50.92619979,-0.021176151,0.014974934,-0.000606215,-0.034637489,-0.013752565,-0.002966661,-0.022646452,-0.000502482,-0.001168855,0.019679791
2020-10-31,607.6852273,724.9629797,61.34458447,58.9101002,0.961063748,11.81788068,12.2966668,51.69066229,49.67714399,0.961803259,11.75618962,12.22307109,51.53547307,-0.015745483,0.190337079,0.166115267,0.006893906,0.023001559,-0.157372037,-0.190195118,0.000769472,-0.005985013,0.032823081
2020-11-30,724.9629797,749.391248,58.58500843,60.99173578,1.039736099,12.79151899,12.3026593,56.86226585,59.21524505,1.040003364,12.74945641,12.25905305,51.69066229,0.081027839,0.133377013,0.227762526,0.088066747,0.00651131,-0.02940586,0.010757643,0.00025705,-0.003544457,-0.040163504
2020-12-31,749.391248,785.5103217,62.58597474,63.08865299,1.006018918,12.55090018,12.47580931,59.23642939,59.75399741,1.007051244,12.6508511,12.56227146,56.86226585,-0.032677246,0.100659177,0.065412343,-0.015573701,0.017681322,-0.053519105,-0.045249392,0.00102615,0.006930384,-0.008269712
2021-01-31,785.5103217,834.3483079,70.52642586,69.18276487,0.976307971,11.83029336,12.11737865,66.57692057,65.4085689,0.97754439,11.79853792,12.06956741,59.23642939,-0.030528013,0.190592117,0.157793083,-0.06486186,-0.035414997,-0.056000361,-0.072566515,0.001266423,-0.003945675,0.016566155
2021-02-28,834.3483079,926.1504297,77.0044979,76.74993233,0.998896623,12.0272251,12.04051032,69.0009502,68.83445146,0.999923676,12.09183794,12.09276091,66.57692057,0.021842725,0.156624506,0.173392625,0.019382671,-0.002407468,-0.103936107,-0.106098302,0.001028187,0.004339566,0.002162195
2021-03-31,926.1504297,981.2780942,71.21046666,70.59023411,0.976453201,13.77997,14.11226876,67.13830486,66.33543111,0.971672013,13.79466508,14.19683278,69.0009502,-0.023472267,0.032021537,0.025507324,0.139609219,0.167001387,-0.057184877,-0.068459537,-0.004896484,0.005992234,0.011274659
2021-04-30,981.2780942,1035.23721,84.98561408,86.61703477,1.018334465,12.18132293,11.96200595,80.69178241,82.30824124,1.019104666,12.16081818,11.93284516,67.13830486,0.048022843,0.265829012,0.30574315,-0.116954065,-0.157417282,-0.050524218,-0.031503836,0.000756334,-0.002437784,-0.019020382
2021-05-31,1035.23721,1004.283204,73.33109219,74.29544913,1.011958713,13.69518951,13.53334808,75.2892486,76.2255743,1.011379991,13.75013337,13.59541763,80.69178241,-0.007011991,-0.091219824,-0.097351031,0.126173363,0.134125844,0.026702949,0.039471417,-0.000571883,0.004586415,-0.012768468
2021-06-30,1004.283204,993.8431529,71.66753601,71.22502612,0.989380438,13.86741066,14.01625717,72.09142381,71.66667006,0.989513075,13.930689,14.07832735,75.2892486,-0.021752015,-0.048103981,-0.065601974,0.008529175,0.030954513,0.005914642,-1.21E-05,0.000134061,0.004428442,0.005926725
2021-07-31,993.8431529,1022.87394,74.55528609,75.09645836,1.005624443,13.71967025,13.64293633,72.71577766,73.24540669,1.005520671,13.6675036,13.59246407,72.09142381,0.016282117,0.034176912,0.047857509,-0.015147761,-0.030926332,-0.024673078,-0.017569236,-0.000103191,-0.003699516,-0.007103843
2021-08-31,1022.87394,1003.56202,71.29692643,71.96086754,1.008557962,14.07581042,13.95637232,73.09718349,73.77416118,1.008427906,13.99334272,13.87639378,72.71577766,0.003020615,-0.019512288,-0.01753747,0.029874279,0.026772794,0.025250135,0.034745323,-0.000128952,-0.005730611,-0.009495188
2021-09-30,1003.56202,1045.343663,81.31939547,80.27067581,0.988376507,12.85478891,13.00596363,78.14709432,77.16102446,0.988368595,12.84196206,12.99308995,73.09718349,-0.01988382,0.112483294,0.088059485,-0.081363963,-0.062727403,-0.039010388,-0.051136276,-8.01E-06,-0.000989829,0.012125888
2021-10-31,1045.343663,1016.543368,90.44438912,90.45305654,0.999741141,11.23942986,11.24234004,93.55053214,93.38747235,0.997741337,11.17410707,11.19940274,78.14709432,0.011506382,0.157360871,0.172263551,-0.124788735,-0.134744693,0.034343126,0.032540252,-0.002000321,-0.003819249,0.001802873
2021-11-30,1016.543368,1095.884697,112.7001893,106.7574037,0.946734616,9.723894026,10.27098182,105.0944743,99.50222787,0.946359573,9.672662381,10.22091672,93.55053214,-0.05112219,0.204698538,0.143166219,-0.12978335,-0.082899146,-0.067486267,-0.117106826,-0.000396144,-0.004874422,0.049620559
2021-12-31,1095.884697,1115.494123,139.1122541,141.7640793,1.019729535,8.01866184,7.863518281,136.4749224,139.1005241,1.01987516,8.029934572,7.873448522,105.0944743,0.077528631,0.323687616,0.424732716,-0.170997444,-0.230644521,-0.018958299,-8.43E-05,0.000142808,0.001262824,-0.018873979
2022-01-31,1115.494123,1117.105493,144.772484,141.8223275,0.981919475,7.716283246,7.858366644,143.0442591,140.133372,0.981757749,7.798244618,7.943145469,136.4749224,-0.037216011,0.060799168,0.019567168,-0.039060259,-0.001915537,-0.011937524,-0.032044156,-0.000164703,0.010788352,0.020106632
2022-02-28,1117.105493,1141.763627,159.2001044,155.2082226,0.976075287,7.171877373,7.347668225,154.307541,150.4974748,0.97635259,7.239474404,7.414815592,143.0442591,-0.005788049,0.112942983,0.107575022,-0.080321569,-0.074967435,-0.030732162,-0.054664723,0.000284099,0.009138595,0.023932561
2022-03-31,1141.763627,1070.545079,139.69428,142.0906528,1.016799867,7.663485431,7.536867064,150.5839141,153.2445689,1.016847847,7.582241658,7.45661377,154.307541,0.041426917,-0.094702183,-0.05586022,0.058569311,0.016460487,0.077953329,0.096999597,4.72E-05,-0.010648097,-0.019046268
2022-04-30,1070.545079,1137.059216,158.5228144,151.7502586,0.959549083,7.172842723,7.475222324,148.9080728,142.6026409,0.959694576,7.189301825,7.491239407,150.5839141,-0.056349398,0.052720773,-0.009751147,-0.053994446,0.002495577,-0.0606521,-0.10042828,0.000151627,0.00214269,0.039776179
2022-05-31,1137.059216,980.544798,126.7261108,132.1917971,1.043363388,7.737511963,7.415932024,148.3600567,154.8489879,1.043870844,7.664186984,7.342083579,148.9080728,0.08718275,-0.148964133,-0.073005968,0.076253599,-0.010052727,0.170714195,0.221918569,0.000486366,-0.00995808,-0.051204374
2022-06-30,980.544798,980.544798,126.7261108,132.1917971,1.043363388,7.737511963,7.415932024,157.173265,147.3781573,0.93493614,6.238623331,6.672780165,148.3600567,-0.000486129,-0.145820556,-0.146317978,0.009567222,0.010058241,0.240259518,0.162965994,-0.103920886,-0.100210177,0.077293524
