date_,"0-(0, 0, 0, 0, 0, 0.25, 0, 0.25, 0.25, 0.25)","0-(0, 0, 0, 0, 0, 0.5, 0, 0.25, 0, 0.25)","0-(0, 0, 0, 0.25, 0, 0, 0, 0.25, 0.25, 0.25)","0-(0, 0, 0, 0.25, 0, 0.25, 0, 0, 0.25, 0.25)","0-(0, 0, 0, 0.25, 0, 0.25, 0, 0.25, 0, 0.25)","0-(0, 0, 0, 0.25, 0, 0.5, 0, 0, 0, 0.25)","0-(0, 0, 0, 0.5, 0, 0, 0, 0.25, 0, 0.25)","0-(0, 0, 0, 0.5, 0, 0.25, 0, 0, 0, 0.25)","0-(0, 0, 0, 0.5, 0, 0.25, 0, 0.25, 0, 0)","0-(0, 0.25, 0, 0, 0, 0.25, 0, 0, 0.25, 0.25)","0-(0, 0.25, 0, 0, 0, 0.25, 0, 0.25, 0, 0.25)","0-(0, 0.25, 0, 0, 0, 0.5, 0, 0, 0, 0.25)","0-(0, 0.25, 0, 0.25, 0, 0, 0, 0.25, 0, 0.25)","0-(0, 0.25, 0, 0.25, 0, 0.25, 0, 0, 0, 0.25)","0-(0, 0.25, 0, 0.25, 0, 0.25, 0, 0, 0.25, 0)","0-(0, 0.25, 0, 0.25, 0, 0.25, 0, 0.25, 0, 0)","0-(0, 0.25, 0, 0.25, 0, 0.5, 0, 0, 0, 0)","0-(0, 0.25, 0, 0.5, 0, 0, 0, 0.25, 0, 0)","0-(0, 0.25, 0, 0.5, 0, 0.25, 0, 0, 0, 0)","0-(0.25, 0, 0, 0.25, 0, 0.25, 0, 0, 0, 0.25)","0-(0.25, 0, 0, 0.25, 0, 0.25, 0, 0, 0.25, 0)","0-(0.25, 0, 0, 0.25, 0, 0.25, 0, 0.25, 0, 0)","0-(0.25, 0, 0, 0.5, 0, 0.25, 0, 0, 0, 0)","0-(0.25, 0.25, 0, 0.25, 0, 0.25, 0, 0, 0, 0)",0
2017-01-31,1.0,1.0,1.0,1.0,1.0,1.0,1.0,1.0,1.0,1.0,1.0,1.0,1.0,1.0,1.0,1.0,1.0,1.0,1.0,1.0,1.0,1.0,1.0,1.0,1.0
2017-02-28,1.0357396491172113,1.0353179925174771,1.0577296246866696,1.0375733508354985,1.0423956009560584,1.0291500780136644,1.0622512879550456,1.048893751749955,1.0564391928764991,1.0344758936543017,1.0287230217274599,1.0365489658706821,1.0618098106999883,1.0608329928584397,1.0447094758069142,1.0344553828602658,1.0454438581934198,1.0517202063917181,1.0551462851257996,1.0443803403850964,1.0359223138090543,1.0313067984573863,1.0333963549476437,1.0250679758714512,1.038305952739541
2017-03-31,1.0409818403430184,1.039946003981866,1.0734999040544104,1.0755518756738283,1.0504405054806008,1.0458352206558577,1.0863638508437792,1.0689089149317146,1.0833593900953795,1.0443394326953919,1.0174486736472599,1.0349188533772122,1.0588715388787762,1.065885407424998,1.0676983563920095,1.0449636060206602,1.0534702853547888,1.0563115775875427,1.060957238715981,1.0467514279549308,0.9995105772618645,1.0287192345915406,0.9926428089227193,1.02813815558176,1.039036117923672
2017-04-30,1.0635478911076086,1.0570305798512392,1.115485430477537,1.1231389884660508,1.0829312279421777,1.095630211401966,1.122760169095127,1.100306008294453,1.0996001154988615,1.0675283673164644,1.020193888952657,1.0412420997795564,1.0520479220853236,1.072750672622505,1.076845114814397,1.044749338952129,1.0583674835379369,1.052569987331817,1.0658674838058118,1.0663254745597215,1.0231434400068191,1.0412542737247914,1.015468488581193,1.0351917744790093,1.0508703249055606
2017-05-31,1.0925738934580616,1.066894143449857,1.165940916260833,1.1644649550357395,1.0856109294386724,1.1061587604358527,1.1400211975838865,1.112394440624532,1.1361940390527208,1.0815374483976805,0.993208079006836,1.03469609221534,1.0451991035875743,1.0721291691456214,1.1229065000716694,1.044619503342944,1.0410324674071254,1.0583399176528288,1.060495707036554,1.0636927731642571,1.0288290729169218,1.0566035457937923,1.0117007735183499,1.0161096904949902,1.0668452319228612
2017-06-30,1.0784999707607856,1.0809431643398832,1.1506891518724869,1.1444285511298193,1.101042515543117,1.1300418454461676,1.1443679814642709,1.1376138643244564,1.150083243559486,1.0880240103332703,1.0037986414306979,1.0637775830655667,1.0463719578745165,1.0821140477657796,1.110084455072745,1.053764331955956,1.0509003959834926,1.0597898518205173,1.0660981606357445,1.0824101131953145,1.0055826549460092,1.0594046078715098,1.0232314725658782,1.036394603690747,1.0715653630723911
2017-07-31,1.099827321529872,1.0799093897129715,1.194652595007054,1.1759032912077738,1.1068687539061017,1.1645062231160708,1.1587743758712141,1.1598301329941678,1.199610349306009,1.1074431788298227,1.0187156799633648,1.0688784958382154,1.0660950623584284,1.0912889762061095,1.153690623105004,1.076578874649248,1.0721384845954178,1.0741711997681387,1.0941846760250318,1.0968076275899752,1.0273626868056864,1.0784786520161185,1.052161526652448,1.037564620301796,1.0892911122160658
2017-08-31,1.1068090998452027,1.097328733177149,1.2025242616075014,1.1902903641717917,1.1090423316093738,1.1673009955201505,1.162203131057547,1.1653319928621084,1.2357597632751596,1.1089113761188958,1.0058379488995868,1.0694284999548616,1.0652857987817335,1.0935676547792974,1.1585528279830641,1.0932853037310744,1.0869569049105434,1.0866781186265704,1.1041982113163877,1.0918713341286777,1.0318490811098484,1.098772230532786,1.0632096054504547,1.0379355007980398,1.0914610317914561
2017-09-30,1.1573503176033544,1.1237268013012514,1.2661010999002584,1.2404454947331407,1.1559606453537343,1.2092436304061251,1.2094343236347675,1.2159611856049233,1.2717252169548185,1.1560618384478152,1.0419383192335392,1.0917395551226372,1.0952938285212028,1.1370342124789061,1.2256642008674363,1.143410816552772,1.1331967197811856,1.139405903792168,1.1716777606864328,1.1560745217509532,1.0790516680357967,1.1554861950107118,1.1203739601278637,1.0993668438306838,1.1088468146541024
2017-10-31,1.2055436122714875,1.1351091532729571,1.3347504651437425,1.2844315759843505,1.1839354215544866,1.2337620441195465,1.2515529234081004,1.235736635843959,1.3055980729766983,1.167194699014429,1.0494970563132102,1.103835528100934,1.1102481382604978,1.1371893840783467,1.2701996837334502,1.1705786553157855,1.137610475558972,1.1797349634147098,1.1826632376619823,1.164491650613303,1.1308169165166702,1.1768653229817612,1.1394259589639844,1.10461442141452,1.1360146964182491
2017-11-30,1.2372557346212731,1.1765156553604703,1.3496906190834037,1.2701753206435409,1.1901384692572317,1.2369057438477484,1.2542691549151785,1.2373414311033148,1.3073983843287642,1.1956346233442847,1.095999621815226,1.134271291028203,1.161110145348415,1.1925767526102005,1.275090072714833,1.2095980239308772,1.1389892432875561,1.204593918047856,1.2202310833115617,1.1836394129121512,1.1385868817273381,1.2137788305614972,1.1586970018671072,1.1361674502329024,1.1708927249299386
2017-12-31,1.2547712523022674,1.1928348593901108,1.3531032675762529,1.255453281160639,1.1877500520806807,1.2374444171314096,1.2500796597207204,1.2343741139324518,1.2828007044019762,1.2138340586463603,1.1287285731867114,1.1385480751399293,1.171035033686329,1.202171880090277,1.2752448770343443,1.2265211586315705,1.1253363306628417,1.2108354260944374,1.2248421889958079,1.1941879284404373,1.1241941360522638,1.1916544463529881,1.1398605327992026,1.1500847419179603,1.1829678918605464
2018-01-31,1.3500427574725336,1.2529819639852704,1.460170748203957,1.3597658861079471,1.2530373541988615,1.2980074098314203,1.3481925086523343,1.292453824748096,1.380307740100359,1.2493682299344928,1.1679338420321892,1.1677822878214243,1.2353598028458121,1.2420338131070146,1.3428478567772024,1.317464081565173,1.170939198142163,1.3055825839491315,1.2933643603094103,1.2448927147924522,1.1751837009100332,1.2611098171190156,1.1945503229949646,1.2156522605533238,1.2509940992418898
2018-02-28,1.3091171962967563,1.2206733856363783,1.419094583077448,1.3240513093634914,1.2146766899434613,1.250979000959091,1.3094422805564507,1.2343590989582345,1.385715393456219,1.2242330977240394,1.131125826679315,1.128050386101279,1.1772489138411837,1.19670279972431,1.3335674979014494,1.3023303110725446,1.1504312437401083,1.2708661903455685,1.280911162856591,1.200502499323775,1.1656730451051847,1.246756235816098,1.184591020696265,1.1776585211562711,1.2030203450876877
2018-03-31,1.2633874481498923,1.181184376190882,1.3610156980230017,1.295255982038531,1.1983277198562652,1.2251411013403002,1.272816119678061,1.2221629195212307,1.366404824569749,1.1909111282844833,1.105001006086544,1.1244088229959721,1.1528719790738462,1.1715392799097448,1.299070418269824,1.268624814958314,1.1229516362877938,1.2421916440298937,1.263451055096501,1.1747521110340224,1.1367077737902254,1.2324571412495642,1.1639431737432215,1.131255863211035,1.171149335815737
2018-04-30,1.2633487476586494,1.1857435597856874,1.344021800569549,1.2996506623782937,1.1912058937474581,1.2250161462941902,1.2738710026452083,1.2346595767160495,1.3560924240203678,1.1673263631246522,1.101786746161192,1.127911803550407,1.1355822457562288,1.1475173605967273,1.2868919520967732,1.2558799321525882,1.0847637695691126,1.2268934313888176,1.2503051273181558,1.1700832293976196,1.1149755189073274,1.2364813198075186,1.137790209483867,1.1165281007239827,1.1759185983859526
2018-05-31,1.258797577525422,1.1781486180788108,1.3627681737205455,1.3472056588674974,1.1999357155078432,1.2891735583712758,1.2665130359784964,1.3000726426982563,1.4342705070007007,1.1829700042556506,1.1157919101661737,1.1579584436426504,1.1320173672805818,1.1956399708249792,1.3313447083608378,1.2969518954617276,1.1338510833056616,1.2481617221376187,1.287928742725519,1.1905450878567183,1.1467326909502877,1.2680946695628579,1.1969132039821546,1.1315690208302238,1.2040221979283943
2018-06-30,1.2485913077037718,1.198698669331177,1.328339884832476,1.327627652686582,1.1941838138060556,1.309316918415157,1.1879190101945907,1.3028071749355998,1.4492221048943037,1.173366722497755,1.1376205548555298,1.1666851511622074,1.1514028601349902,1.215555426676451,1.3083112015209541,1.2815103124611553,1.1336878376576303,1.2428055352938487,1.2928994700274368,1.1906250169719783,1.1209446802880756,1.2330171916394521,1.1554322123961793,1.1064459314148594,1.205270574172298
2018-07-31,1.3007505870688134,1.2452498964210594,1.3780907113730452,1.3840951046265668,1.233510013148516,1.3467818800753135,1.2425249348014287,1.3730753854297961,1.4751780187909587,1.226476722303194,1.199262241385993,1.2144923147487123,1.210240040942902,1.2773781481724393,1.3722257744984458,1.3226066573330684,1.1774162556195715,1.2938234629993708,1.3539721189938303,1.224061188828572,1.1507039774746193,1.2542315024194335,1.166785134715343,1.1209697112253474,1.2473441432756414
2018-08-31,1.3422198654304909,1.28507655282258,1.3952117579094223,1.429344092183573,1.2514764790290878,1.375765971361092,1.2390859186247563,1.402089208173116,1.532653243546519,1.2727836672921298,1.233938733411365,1.2211994057568647,1.2260722638965909,1.2904138123288407,1.3860832936701042,1.3309799739083714,1.1946179025830623,1.3023995049032677,1.3604236503735967,1.2390601469926006,1.168284083517117,1.250561435722798,1.1707264470907297,1.1201559004609927,1.289233510749815
2018-09-30,1.3415211719156146,1.25405506362117,1.396491549537235,1.4418404686641797,1.2318986375890366,1.3619450325987044,1.222824283903269,1.3764407356372947,1.5002849914648542,1.2644443368263942,1.217673370059792,1.19958498610347,1.208594012752852,1.2960000416435191,1.394183275289575,1.3208370028537582,1.202802200174173,1.2880462354924296,1.3409759593703257,1.1920555852509147,1.160898480409439,1.2393222936445605,1.1382624594649215,1.095395207517913,1.2945694358633626
2018-10-31,1.2484508225826663,1.1148596421895016,1.3045551351944424,1.3242403935645999,1.1020276200989032,1.236544958091596,1.113810061957067,1.263219781980902,1.3018320895287558,1.1864563962333008,1.1399161508511928,1.1296858934133653,1.1171942791482798,1.1715909380560907,1.2779704321582448,1.1749862638019508,1.1061319672457315,1.175823375905636,1.220787026101455,1.0721405828617674,1.0567195735922033,1.1142200369195412,1.0350593018509053,1.0031184339819639,1.2048040840328802
2018-11-30,1.2679397059877218,1.1098872403502111,1.3525599306680582,1.3544460207483968,1.12534704356068,1.2522385657967998,1.1552540818943333,1.2897874579137238,1.3478255073117849,1.236173519629354,1.1895482455378035,1.133343670779916,1.1769136301923229,1.234127617951826,1.3534498719323054,1.2151766929952115,1.139351328126245,1.2477577767676307,1.3031094131314145,1.0908983709835938,1.0908389662477984,1.1723493436524821,1.1075311316420446,1.059875406394301,1.2261469702078602
2018-12-31,1.1286987325307736,0.9829707080986159,1.2363999898991114,1.2432827907621122,1.0091023865333495,1.120411897661262,1.0458108899985998,1.1670474072897687,1.2132646333602104,1.123404657745373,1.0716814696623336,0.9967557881448166,1.0650965766110634,1.1325198563075467,1.2349605562539605,1.1094832255617995,1.0231482025862253,1.13129911585416,1.1972508076084099,0.9777498764878638,0.9876830429117984,1.0483510288467124,1.002942298755891,0.9620167759565422,1.1082929408057374
2019-01-31,1.2521894595207648,1.1099768621710944,1.3185580138646102,1.3460501769254514,1.1425117093940385,1.262342086152048,1.1701308516977746,1.3196553870627572,1.3807432539668454,1.2444530281756963,1.1951366096441802,1.1146761560940799,1.1618797793948181,1.255435521197227,1.3545107546323778,1.2547643787793965,1.150591373131053,1.2518843969082474,1.3374750735640117,1.1186289487365715,1.1035463897527367,1.2205946947003843,1.1511515950010545,1.082838359814896,1.2031921562335866
2019-02-28,1.3466065568081553,1.1472149955893682,1.4072511344317384,1.463484305391827,1.1829075513738,1.2937873065683718,1.2173451215748614,1.38421053627619,1.4630351368619958,1.289887384567803,1.2051561936294444,1.1382888622369622,1.1814247055083686,1.2765841917219578,1.4854315365538435,1.3131369512221105,1.1875182960686994,1.3048515549550213,1.4102171985583287,1.1449614726972788,1.197643730197874,1.258143510057267,1.219543097848359,1.0995208752791785,1.2422989909778612
2019-03-31,1.3283943624911134,1.1514681098964041,1.397982630974264,1.483554777692,1.1878382099465152,1.310880417455449,1.2210686340023118,1.3983293080868444,1.50148344882335,1.2482488719952902,1.197817473176715,1.131256024571185,1.191894175490126,1.2787141294436903,1.4726648955928299,1.3316937046811583,1.200236987509058,1.3168972156854422,1.4201299094535789,1.139994388464536,1.1804879430347446,1.2658198035843733,1.2381940743512911,1.1088604507027993,1.2622198003475134
2019-04-30,1.3897439563495426,1.1850585125420492,1.4327576772195048,1.545567177437577,1.197166375624285,1.3242518453537226,1.2750910770373134,1.41002998948588,1.5611794092635456,1.2831523959369284,1.2452010039543784,1.195200015392206,1.2556176452034133,1.3262601863452832,1.514245622355861,1.3852261829213903,1.2350191055321678,1.3844943375142948,1.4908046827268076,1.1776343126016544,1.2468347695640536,1.329174363451395,1.2843839176835525,1.1491179482114866,1.312903564740015
2019-05-31,1.2870136308963707,1.0632929986516353,1.3266462629452067,1.4603653881706269,1.1099590773013222,1.2121679114247261,1.17576105470546,1.2926352743932619,1.3861770726951181,1.1627620476005174,1.109751599077781,1.067969738173626,1.1426334766788901,1.1871770924826077,1.3661562758065418,1.23368991809097,1.0802508919314646,1.2776874619341256,1.302274047772295,1.0326739926260753,1.090109576916255,1.1652324872821522,1.0983145930930338,1.0175143542727298,1.2301735306622192
2019-06-30,1.3980105436270176,1.1281722790263875,1.4301441521752016,1.5894289410113238,1.1925460307461793,1.3274986153532038,1.2789449023492958,1.415497838692475,1.500438724135004,1.2588977240340407,1.2085484865249638,1.170926641684462,1.2233479687787403,1.3217878581137759,1.5070278461242443,1.362260123446005,1.2100620125360348,1.3984687882254823,1.4650332794948195,1.175385057295406,1.214835854201343,1.3046130945804248,1.258129333443403,1.1497224452520474,1.3161259075460452
2019-07-31,1.401523047162279,1.12268913331031,1.4213171898005659,1.5979838992908306,1.191452060952872,1.349375758420533,1.2818426217317942,1.444378124538519,1.5443834536596523,1.2675304024508964,1.2139051044410887,1.1621637719292828,1.2376063952397278,1.3206563761437964,1.5354798503391585,1.3886860817604654,1.205314013049126,1.4090994766182057,1.4666244972822222,1.1846345533866547,1.2269337402447766,1.34824655719418,1.2883624150991608,1.1515726950994305,1.3337693392265924
2019-08-31,1.3530961611050611,1.0505780496868562,1.3854681292058895,1.5713360071152336,1.1194107778804645,1.3027099601398364,1.224887302803745,1.3840660503245625,1.5109573566151642,1.1927616694543866,1.1251531397904273,1.0668935681595682,1.1890479100825435,1.2472648774216395,1.5082887493604793,1.3353010275622013,1.1850876841741613,1.3728645301080644,1.4372320267368393,1.1232995728847737,1.2312321640344976,1.2957839833835152,1.2440809977360459,1.0977178161245105,1.3115455033285301
2019-09-30,1.396840055885926,1.082185537422391,1.4441548933115649,1.611208856572311,1.1630040727193838,1.3472663715465145,1.2732986369012154,1.42889244240575,1.5261177373100543,1.2618683013678715,1.197950696676897,1.1279841447566006,1.2554880104486925,1.306654473705275,1.5647528897041174,1.4181873404399024,1.236884780822224,1.4511947036755009,1.519188649902395,1.1772197916395841,1.2759522202057567,1.368052759352611,1.299012278027615,1.1706788484397381,1.3333317949036962
2019-10-31,1.483854018976397,1.1309927602341316,1.4965725826623835,1.7061827513686618,1.2556272974272475,1.4036606712377273,1.3564856999028407,1.5181793754627082,1.6819498049533776,1.3064953431823465,1.2409858454542473,1.1544724483690991,1.309051555032267,1.3580066944690758,1.6476364491111988,1.477861869930726,1.288589074467811,1.4887552798147123,1.5911242285369827,1.222834471885249,1.3913034486679265,1.4452700131206393,1.408661551325985,1.2176846196755973,1.36196192933833
2019-11-30,1.5680722020891482,1.1451813512813747,1.5326582198181158,1.7440903807093615,1.233122621114481,1.4206146880113488,1.3174606880694815,1.5316540619212298,1.702408276669821,1.3638231362598097,1.3048757884512767,1.2061520969828334,1.3591261613539074,1.4090186387212738,1.7135719734578307,1.5702855327190648,1.3667242383287612,1.540232050755199,1.6523921742891148,1.2619573017561025,1.474702502609179,1.5107292591722468,1.4269217120353688,1.2660761864176517,1.406843098807519
2019-12-31,1.5918926403270404,1.1797245176410593,1.5563950072615322,1.763125652351272,1.2674460407926331,1.4497962173521723,1.3414676124092373,1.5782436832621862,1.7542257470220792,1.3904257139355864,1.3489372410557954,1.2614620377274584,1.4002562469428506,1.456298646335034,1.750555511565176,1.615170038097626,1.4010576255990674,1.6012737279651648,1.7198773997828012,1.3070617220247502,1.4973571808159567,1.5702900194905176,1.4737473576162095,1.294103741561227,1.4460308081830147
2020-01-31,1.6019447953258001,1.1628425425698454,1.5548095504670605,1.7575658046826854,1.2496962762136166,1.4406491090215057,1.3285137904148336,1.5676510969120152,1.739637409365084,1.321430595651412,1.2826054302609604,1.1657217295874067,1.3676726612414045,1.3749617134561167,1.7023354634279144,1.5316837881582608,1.328381427670659,1.5310935125625422,1.6541761660246457,1.2397812354308178,1.4585216308597502,1.4980091796768307,1.4206934487483578,1.203340640182993,1.4472406662983552
2020-02-29,1.4611067826330855,1.0492191870970418,1.4096812315391931,1.6242854809298766,1.1540274085325988,1.3443180326135842,1.213484807331511,1.4836156033891266,1.6368815853381065,1.180909860735387,1.133634154461841,1.0106371667743537,1.2313869200123766,1.2327016689591541,1.5804111467843642,1.3880282362263143,1.2284727931397361,1.4238958719230579,1.5373111699679431,1.1102629237143058,1.3791877171374938,1.3589065888824834,1.3736954274939905,1.0664970289544065,1.3287905684278731
2020-03-31,1.2649479438363125,0.869924745871906,1.2454783991821805,1.4809102807357406,1.013982417812493,1.1499167865175777,1.0837967800381454,1.3822533317662036,1.5975941950834542,0.9113866030194299,0.9087403996402474,0.7305742337265358,1.039327532771288,0.9700723771019528,1.4823103535350484,1.2167686466958232,1.019053688504843,1.2490699808071706,1.3848382249332962,0.8664978994321206,1.260491208679908,1.1475267927953436,1.1957306348643468,0.8282333013524484,1.1690585325586327
2020-04-30,1.4715115458741337,1.0054845223611282,1.3439160232352008,1.6465725714658936,1.1723945849237223,1.355420939167693,1.2436595282458947,1.596338263845015,1.8545285424406097,1.0502156415937665,1.0869099791885823,0.8811376034923728,1.2084088769072752,1.1321672806954248,1.5956032560796167,1.38908966165438,1.2012594993520138,1.415985200382528,1.5775873777534524,0.9944686627313339,1.4021315705856383,1.3003684159710458,1.3374948183151978,0.9641913482649214,1.3174614891101386
2020-05-31,1.548061290479257,1.0284118938699702,1.4320950267114845,1.7338050794875575,1.2360527426487768,1.444757611975178,1.3138299302901006,1.6894620975550259,2.012779648912577,1.0902411990494552,1.1200306303750542,0.9022161742834343,1.2629632544219724,1.1934451485332993,1.571126418866504,1.4471551782999574,1.205877612402575,1.474289673994401,1.6780408690425155,1.059175458436163,1.4184560165983895,1.3807745169213492,1.362365760354337,1.0180184006062023,1.3789287630245168
2020-06-30,1.5949817486388147,1.0469167914807904,1.4595089586601748,1.796898866921746,1.247468550708071,1.4880231423607502,1.3213046188741182,1.7158071981904202,2.0666181334090155,1.147679570592173,1.1664380570206032,0.9343885038816184,1.3005528315089567,1.2337093589635528,1.64664041077394,1.5160497827644106,1.253389266557938,1.5324787465464957,1.762711735500691,1.07725220962573,1.4358835136552546,1.3976517426047286,1.3807465504649525,1.051546461051673,1.4068605264173175
2020-07-31,1.715805098667067,1.1532842247049409,1.5464809722304214,1.9415879682664254,1.3374968957284696,1.6117362257073833,1.414640050859532,1.852844175860276,2.2192431966259427,1.1572316981265982,1.2057936646273868,0.9602127471158913,1.3762195830352397,1.2437274247173469,1.6213508271467567,1.5606294657000164,1.2797540384278205,1.5548363394603648,1.7805371258897353,1.1015442974764664,1.4351285369595503,1.5024165527943432,1.438110625464687,1.0673731059944447,1.4873524974879766
2020-08-31,1.8141473272301054,1.1849518383657858,1.5850058409891745,2.0001364767301606,1.3789309692595224,1.6416007041583074,1.4632646316596272,1.8915077975336079,2.3412050105695594,1.1847483135926067,1.2382402638016257,0.9851266084634557,1.4352855269247782,1.2773389120533232,1.6798693189076928,1.637107735158847,1.3259520370564415,1.625024438086114,1.8374928766063443,1.139089132146933,1.5094774814754883,1.5836694716626116,1.5033117865842,1.111947670542479,1.5947022806377553
2020-09-30,1.7936138729671987,1.1653492501032778,1.5299371299094195,1.9542962407370494,1.3420323581537674,1.5852071454341061,1.4348277732435137,1.8257944544091729,2.2342889039859615,1.1761172443530148,1.2137953395859733,0.9540952355692913,1.4023236766396998,1.2420220916466769,1.6197055374510707,1.6021830924937737,1.2861210632174296,1.5989176574143484,1.7887037351966295,1.102812382651794,1.4618039290409721,1.550544220793185,1.4350849832629495,1.076369445499259,1.533383415371286
2020-10-31,1.7299704837802599,1.1203953966190863,1.498620269301314,1.855759510288222,1.288669499033302,1.5054669817118735,1.3664675156469293,1.7601136648442384,2.1402617214523465,1.1410199364576947,1.1725641171255385,0.9404517570954734,1.3429063528784995,1.1860282431432347,1.5628575804286409,1.5203341407646576,1.2588713673864818,1.5293813401074905,1.7367578045612122,1.0842393639022303,1.44854252942147,1.5073543855585723,1.4042577040583237,1.0564394963331742,1.492534499829165
2020-11-30,1.8960915334556743,1.2987794757412219,1.7268568812390446,2.118039727403798,1.4811834692382533,1.710821094435876,1.5816097552466204,2.0018015192053262,2.441394268986118,1.3572101018212084,1.3786746074690608,1.12616782402005,1.5287926950271424,1.4239384526139243,1.7973998493684955,1.733981085248336,1.4729298848343308,1.7533989477161795,1.9738041260340744,1.2804130150367214,1.642000907840022,1.6940486686526557,1.5618116728043359,1.2407740867184505,1.6523843239492926
2020-12-31,1.9466260122315553,1.3881151594287058,1.8146041645485076,2.2559739451697265,1.578693756398817,1.8357593429856431,1.6849471355410315,2.129917376452937,2.588782753431189,1.4246419809978974,1.4437400017475057,1.1931244352541839,1.5789847305505997,1.5097408798923446,1.89312923412314,1.829541255572622,1.542785947231167,1.830821296586082,2.086380066563339,1.3374802169188165,1.7201407673693292,1.790767919247779,1.640458695148411,1.3077777427416013,1.7143242753133794
2021-01-31,1.9546661517946295,1.412925441110209,1.845664486973147,2.277298545721629,1.5928410579926764,1.8417541514085354,1.6947782725189233,2.1472008343881837,2.6658180472589703,1.4300365278073184,1.4509052531303355,1.1981788233611912,1.5804467585623505,1.4991650483929047,1.8954242363032086,1.8736152428909778,1.5573081029748064,1.9021019897047389,2.1391320575150186,1.3356110963973407,1.6936169138185062,1.842473991118125,1.6935725206968988,1.3254378752596423,1.6939112378130277
2021-02-28,1.9630950874944482,1.4169475248304724,1.8619422147388074,2.261817949472895,1.585681550682174,1.814031421960644,1.709994496571319,2.1307754643528622,2.6733630383047484,1.455183265008914,1.4776233361447841,1.2173154025041732,1.5825265643474826,1.5206529201717751,1.9284826960031063,1.8982390504201447,1.5683242567562554,1.948351937959088,2.1680547192903683,1.3514778989263831,1.7308389455520727,1.8643269537827802,1.706676659019595,1.374397656580676,1.7360210666323788
2021-03-31,2.1213308492296243,1.508780053274144,2.0038982720739624,2.379822975324922,1.6694995960106889,1.8848319576616714,1.821151651268669,2.2288714382238415,2.7395618389404666,1.569880890265376,1.617282498481796,1.341754177725049,1.7223420472037592,1.647690001734444,2.0421910767635243,2.037383051042564,1.6792877143394442,2.0806584103737404,2.28510479463809,1.457108057413806,1.8395820217566479,1.9604780147103495,1.8167866053931054,1.4980076493487164,1.8108939373640913
2021-04-30,2.24602794324904,1.532735114492472,2.081206669577521,2.480557049402871,1.686387130028018,1.909338873239613,1.8654560346979434,2.1836668349374304,2.7315229031742616,1.6325182144607204,1.6473291418011393,1.3573628221006002,1.7524386629190238,1.6613326335599292,2.059767663120468,2.0236449112503636,1.6878228738622405,2.101728772948396,2.2973231902276607,1.4877675386075542,1.9100121326780983,1.9553582490784478,1.8503369708468713,1.5382634572163105,1.906977119971367
2021-05-31,2.2356736562172363,1.5391833005187814,2.1111618040999405,2.482683939054711,1.6954796174083184,1.9265609744959558,1.8832721528828897,2.190060336440782,2.7356094494731327,1.6446254193533094,1.6509731714790232,1.3820335896682645,1.76129622430396,1.669025148460193,2.0840551975648975,2.048805018495371,1.7081872717949746,2.1477294414131287,2.3321069032022907,1.4996912532762616,1.9191653202193546,1.9512527109295512,1.8623067702618255,1.5617555776319485,1.9171961110569273
2021-06-30,2.340440101917402,1.606128001748828,2.2055328089021944,2.606932798994907,1.8064968416628837,2.02554190419711,1.9926897362373728,2.31526660378231,2.953338493499141,1.6312254024844548,1.6642069088376659,1.3622388754885766,1.7662119131722493,1.6779550798673366,2.1109394033174165,2.10280459090165,1.7283213368214887,2.195810275051766,2.394879000882341,1.5358897442086563,1.971378432014773,2.0171419571602787,1.9266011323129684,1.5565338549725873,1.964731015926137
2021-07-31,2.4283860298215116,1.6743214609050947,2.2816033260275095,2.6865291008925265,1.852627323368654,2.087289190607684,1.9992745500406834,2.3383200223615126,3.0026456018062406,1.6629009656674016,1.6728056649781782,1.3839069871625984,1.7688011535255537,1.6920146899616764,2.169321784948902,2.15475185468346,1.760717110272311,2.1985023297328263,2.4454084840145436,1.5461487012803916,1.9030096161592258,1.9202544890468036,1.8590278935801763,1.560845442230785,2.0104386367548175
2021-08-31,2.522419918335792,1.6981020702924028,2.3593480764215404,2.7701624955819666,1.9052584971462192,2.095386447856812,2.025988041137735,2.380271482591495,3.1023013664682018,1.687509690775156,1.6697347563436877,1.422866078200015,1.7718234184991324,1.6931003236149715,2.239185715923497,2.174664706104497,1.777141522715775,2.232158145650669,2.503812898206892,1.557635047810209,1.9741182816608245,1.9423678357423217,1.9109567453416767,1.5625755874617218,2.0706035007869206
2021-09-30,2.3500834804250643,1.5938990125171177,2.200502675117666,2.5448559544894183,1.7762282989207594,1.9772380047654772,1.9202512445285027,2.2083335880705732,2.8806466351460207,1.5962409032930125,1.5945226473074232,1.3673978932573678,1.6911890707055772,1.6065297560168241,2.1103633096675942,2.060215158770751,1.6778264285232942,2.1273601038784404,2.366426317794969,1.4892492366849759,1.8436186613003844,1.833945811893222,1.7749781452835713,1.4876279195253563,1.973731120637821
2021-10-31,2.467857179010234,1.653733479406399,2.264895484370715,2.651813617125308,1.7976290316629533,2.0060055027678922,1.9097625789247727,2.245077254691632,3.13780557072398,1.6973779674237106,1.6301675254591697,1.424559838279268,1.686477043382481,1.6080604023232012,2.197941850110842,2.1188937704651987,1.7800256926439848,2.145450449355168,2.450910692643653,1.5030382670646891,1.9670641325002955,1.9317075959415606,1.8324493362170693,1.516020297591405,2.1121887778405113
2021-11-30,2.4857666689341995,1.6652654078124483,2.3216183580382324,2.720454212434509,1.8398884548975936,2.0120824430844877,1.963014381043638,2.317692667265889,3.3714592822497607,1.683735652515284,1.6232710849059462,1.408970097855103,1.7205966656640082,1.6248416487494572,2.2861730430529095,2.18397754654895,1.815493148350154,2.1966700355022244,2.5316272461809772,1.4762145036057748,2.03503454200728,1.9508331896395648,1.8818135438442045,1.4777659702594315,2.0975955432118822
2021-12-31,2.636743181569187,1.7817436002872027,2.494440310289295,2.880569018790107,1.9628540217782826,2.125386600538288,2.145123395025817,2.4712519392984085,3.4005795601011544,1.7796800628396698,1.7631925038786482,1.5083733412775546,1.8747615831720625,1.760875617896107,2.45005832813985,2.338838870609295,1.879055372969293,2.381243002433472,2.715684696818984,1.5760067020986863,2.161936284599159,2.036431696918834,1.9832032761493144,1.5794369767146337,2.189070786748047
2022-01-31,2.4219332924281227,1.6404878398048206,2.2775001301798152,2.6417471729994166,1.7862106467752803,1.977510460456107,2.000347730303436,2.299767819720193,2.956444334383973,1.796206620917927,1.7635517542340022,1.5060599406624648,1.8748347396999012,1.73393776667053,2.3043261575427696,2.2427103327552858,1.7905559115633034,2.318495976999329,2.642827994306022,1.5568325043452902,1.987697062927986,1.9131341075443176,1.8816404126741106,1.5881702251634164,2.0710978498443997
2022-02-28,2.350330138488767,1.6537838377429623,2.2080007249012805,2.573133644622588,1.7079719159255122,1.8916074879148124,1.9115617094768294,2.171543529318706,2.83828584974774,1.7462799768949135,1.7577921065281057,1.510429483371542,1.8665561394849663,1.702340908378948,2.258541725051736,2.204799808540497,1.7766117321627803,2.2673261097771085,2.5953123309016286,1.5740590627900204,1.9380876995093972,1.930932616242489,1.855998866602738,1.5946427553911642,2.00379287806631
2022-03-31,2.3576919557025424,1.6830382840189761,2.210502655491579,2.568281019521192,1.6958088737477701,1.899917153195371,1.9163951653219562,2.195262785943319,2.8389394537683916,1.8124735966446865,1.8092365912209272,1.550221462487412,1.8701941087232488,1.7216744468108534,2.3196169634561863,2.2525853964156664,1.7849339876770822,2.3480185904906925,2.6234353617789203,1.5972942215970733,1.93840913583463,2.009345579990512,1.9173252277317787,1.6559668733176258,2.0757261549110093
2022-04-30,2.1726115124813914,1.5790247473009151,2.0106030740102585,2.2732693919661346,1.510944510477686,1.7572783926976199,1.771115718482461,2.017406653740469,2.459331495836468,1.7729434346751627,1.7894840572717958,1.4850533675225923,1.7507117471966316,1.59308242521515,2.172632186499578,2.1475009365005047,1.6322395576002289,2.3008656823650124,2.471458394544377,1.5164346509094746,1.8017302090234797,1.8707352387472165,1.7708635111235045,1.604549415336428,1.8911817388400396
expected,2.0413681078141356e-05,0.00013120927385596972,-1.9438925404516274e-05,0.00010582921426164822,0.0002519356218459545,0.00017479357725020477,0.0002738938999977011,0.0002613600067545805,0.00015441346329429954,0.0003450532144764947,0.00032762963152450924,0.00011699798790919689,0.00047728427097609775,0.000241349695272896,0.00026330735177581687,0.00033053114925345347,0.0002432094984611144,0.00033979780483520903,0.00031596993554697516,1.984407911675713e-05,-2.3012431591039792e-05,0.00012252563506510845,9.783727741406948e-05,0.00032830949000215977,
2002-11-30,,,,,,,,,,,,,,,,,,,,,,,,,0.3559865384964794
2002-12-31,,,,,,,,,,,,,,,,,,,,,,,,,0.3353064261189071
2003-01-31,,,,,,,,,,,,,,,,,,,,,,,,,0.3258258571865209
2003-02-28,,,,,,,,,,,,,,,,,,,,,,,,,0.32087308150036176
2003-03-31,,,,,,,,,,,,,,,,,,,,,,,,,0.3234031776851244
2003-04-30,,,,,,,,,,,,,,,,,,,,,,,,,0.3491447116197561
2003-05-31,,,,,,,,,,,,,,,,,,,,,,,,,0.367377720281049
2003-06-30,,,,,,,,,,,,,,,,,,,,,,,,,0.3723769959534822
2003-07-31,,,,,,,,,,,,,,,,,,,,,,,,,0.3789321470415208
2003-08-31,,,,,,,,,,,,,,,,,,,,,,,,,0.3862396428333224
2003-09-30,,,,,,,,,,,,,,,,,,,,,,,,,0.3816341782337179
2003-10-31,,,,,,,,,,,,,,,,,,,,,,,,,0.4028787112262506
2003-11-30,,,,,,,,,,,,,,,,,,,,,,,,,0.4062985698921269
2003-12-31,,,,,,,,,,,,,,,,,,,,,,,,,0.4269228701002366
2004-01-31,,,,,,,,,,,,,,,,,,,,,,,,,0.4348693774245723
2004-02-29,,,,,,,,,,,,,,,,,,,,,,,,,0.4403225815517873
2004-03-31,,,,,,,,,,,,,,,,,,,,,,,,,0.4332036790069736
2004-04-30,,,,,,,,,,,,,,,,,,,,,,,,,0.42411248961144155
2004-05-31,,,,,,,,,,,,,,,,,,,,,,,,,0.42966785015432396
2004-06-30,,,,,,,,,,,,,,,,,,,,,,,,,0.43753946806721433
2004-07-31,,,,,,,,,,,,,,,,,,,,,,,,,0.4210363960153611
2004-08-31,,,,,,,,,,,,,,,,,,,,,,,,,0.42262399539661916
2004-09-30,,,,,,,,,,,,,,,,,,,,,,,,,0.4268672206436046
2004-10-31,,,,,,,,,,,,,,,,,,,,,,,,,0.4309815537105809
2004-11-30,,,,,,,,,,,,,,,,,,,,,,,,,0.4476599754353879
2004-12-31,,,,,,,,,,,,,,,,,,,,,,,,,0.4622605127214022
2005-01-31,,,,,,,,,,,,,,,,,,,,,,,,,0.45183653070378804
2005-02-28,,,,,,,,,,,,,,,,,,,,,,,,,0.46223860973407366
2005-03-31,,,,,,,,,,,,,,,,,,,,,,,,,0.45428104975622285
2005-04-30,,,,,,,,,,,,,,,,,,,,,,,,,0.4456316560709576
2005-05-31,,,,,,,,,,,,,,,,,,,,,,,,,0.45920995817135213
2005-06-30,,,,,,,,,,,,,,,,,,,,,,,,,0.4596380475541693
2005-07-31,,,,,,,,,,,,,,,,,,,,,,,,,0.4771065165489668
2005-08-31,,,,,,,,,,,,,,,,,,,,,,,,,0.4713407262387449
2005-09-30,,,,,,,,,,,,,,,,,,,,,,,,,0.47565796589284814
2005-10-31,,,,,,,,,,,,,,,,,,,,,,,,,0.4648419055045733
2005-11-30,,,,,,,,,,,,,,,,,,,,,,,,,0.48171440373220953
2005-12-31,,,,,,,,,,,,,,,,,,,,,,,,,0.48082927951206206
2006-01-31,,,,,,,,,,,,,,,,,,,,,,,,,0.4921886496989903
2006-02-28,,,,,,,,,,,,,,,,,,,,,,,,,0.4931565250640569
2006-03-31,,,,,,,,,,,,,,,,,,,,,,,,,0.4996490017119417
2006-04-30,,,,,,,,,,,,,,,,,,,,,,,,,0.5021183394542967
2006-05-31,,,,,,,,,,,,,,,,,,,,,,,,,0.48784856051074266
2006-06-30,,,,,,,,,,,,,,,,,,,,,,,,,0.4885450455787859
2006-07-31,,,,,,,,,,,,,,,,,,,,,,,,,0.49204957249749476
2006-08-31,,,,,,,,,,,,,,,,,,,,,,,,,0.5038878396819587
2006-09-30,,,,,,,,,,,,,,,,,,,,,,,,,0.5169206047009143
2006-10-31,,,,,,,,,,,,,,,,,,,,,,,,,0.532358407121128
2006-11-30,,,,,,,,,,,,,,,,,,,,,,,,,0.5399459501207987
2006-12-31,,,,,,,,,,,,,,,,,,,,,,,,,0.5455656166695321
2007-01-31,,,,,,,,,,,,,,,,,,,,,,,,,0.5499761715987073
2007-02-28,,,,,,,,,,,,,,,,,,,,,,,,,0.5373053541159426
2007-03-31,,,,,,,,,,,,,,,,,,,,,,,,,0.5406920694551254
2007-04-30,,,,,,,,,,,,,,,,,,,,,,,,,0.563998673297133
2007-05-31,,,,,,,,,,,,,,,,,,,,,,,,,0.5828983726723029
2007-06-30,,,,,,,,,,,,,,,,,,,,,,,,,0.5725989502582194
2007-07-31,,,,,,,,,,,,,,,,,,,,,,,,,0.5550934437095264
2007-08-31,,,,,,,,,,,,,,,,,,,,,,,,,0.5633123547601593
2007-09-30,,,,,,,,,,,,,,,,,,,,,,,,,0.5845401476983874
2007-10-31,,,,,,,,,,,,,,,,,,,,,,,,,0.5922484047080966
2007-11-30,,,,,,,,,,,,,,,,,,,,,,,,,0.5689040310232311
2007-12-31,,,,,,,,,,,,,,,,,,,,,,,,,0.5649790115274651
2008-01-31,,,,,,,,,,,,,,,,,,,,,,,,,0.5299392037952384
2008-02-29,,,,,,,,,,,,,,,,,,,,,,,,,0.5128780948616387
2008-03-31,,,,,,,,,,,,,,,,,,,,,,,,,0.511652646973189
2008-04-30,,,,,,,,,,,,,,,,,,,,,,,,,0.5359264183642809
2008-05-31,,,,,,,,,,,,,,,,,,,,,,,,,0.5429301240841982
2008-06-30,,,,,,,,,,,,,,,,,,,,,,,,,0.4974200905836893
2008-07-31,,,,,,,,,,,,,,,,,,,,,,,,,0.495613055013623
2008-08-31,,,,,,,,,,,,,,,,,,,,,,,,,0.5025027422877474
2008-09-30,,,,,,,,,,,,,,,,,,,,,,,,,0.4602750344992025
2008-10-31,,,,,,,,,,,,,,,,,,,,,,,,,0.38509527626373885
2008-11-30,,,,,,,,,,,,,,,,,,,,,,,,,0.3560126022810198
2008-12-31,,,,,,,,,,,,,,,,,,,,,,,,,0.35972061443409903
2009-01-31,,,,,,,,,,,,,,,,,,,,,,,,,0.3280471708004338
2009-02-28,,,,,,,,,,,,,,,,,,,,,,,,,0.2941738306016725
2009-03-31,,,,,,,,,,,,,,,,,,,,,,,,,0.319598404451704
2009-04-30,,,,,,,,,,,,,,,,,,,,,,,,,0.35254784107278514
2009-05-31,,,,,,,,,,,,,,,,,,,,,,,,,0.3715692588195926
2009-06-30,,,,,,,,,,,,,,,,,,,,,,,,,0.3729212122794244
2009-07-31,,,,,,,,,,,,,,,,,,,,,,,,,0.4000375453502486
2009-08-31,,,,,,,,,,,,,,,,,,,,,,,,,0.4173278452812982
2009-09-30,,,,,,,,,,,,,,,,,,,,,,,,,0.432290400485703
2009-10-31,,,,,,,,,,,,,,,,,,,,,,,,,0.42260719937036717
2009-11-30,,,,,,,,,,,,,,,,,,,,,,,,,0.4459587602617646
2009-12-31,,,,,,,,,,,,,,,,,,,,,,,,,0.454081497694791
2010-01-31,,,,,,,,,,,,,,,,,,,,,,,,,0.437076589437009
2010-02-28,,,,,,,,,,,,,,,,,,,,,,,,,0.44837102992183175
2010-03-31,,,,,,,,,,,,,,,,,,,,,,,,,0.47487948150043957
2010-04-30,,,,,,,,,,,,,,,,,,,,,,,,,0.4824518374629079
2010-05-31,,,,,,,,,,,,,,,,,,,,,,,,,0.44342152600718143
2010-06-30,,,,,,,,,,,,,,,,,,,,,,,,,0.41853156695587407
2010-07-31,,,,,,,,,,,,,,,,,,,,,,,,,0.4476804246345559
2010-08-31,,,,,,,,,,,,,,,,,,,,,,,,,0.4270055866600023
2010-09-30,,,,,,,,,,,,,,,,,,,,,,,,,0.4652432100290765
2010-10-31,,,,,,,,,,,,,,,,,,,,,,,,,0.48373742710315737
2010-11-30,,,,,,,,,,,,,,,,,,,,,,,,,0.482917679092919
2010-12-31,,,,,,,,,,,,,,,,,,,,,,,,,0.5143276920865587
2011-01-31,,,,,,,,,,,,,,,,,,,,,,,,,0.5265017267898371
2011-02-28,,,,,,,,,,,,,,,,,,,,,,,,,0.5435131267318585
2011-03-31,,,,,,,,,,,,,,,,,,,,,,,,,0.5436849713105807
2011-04-30,,,,,,,,,,,,,,,,,,,,,,,,,0.559786150179398
2011-05-31,,,,,,,,,,,,,,,,,,,,,,,,,0.5533762802756836
2011-06-30,,,,,,,,,,,,,,,,,,,,,,,,,0.5437190486470618
2011-07-31,,,,,,,,,,,,,,,,,,,,,,,,,0.5336851991168992
2011-08-31,,,,,,,,,,,,,,,,,,,,,,,,,0.5058292060864396
2011-09-30,,,,,,,,,,,,,,,,,,,,,,,,,0.47187743577032504
2011-10-31,,,,,,,,,,,,,,,,,,,,,,,,,0.5217715623240142
2011-11-30,,,,,,,,,,,,,,,,,,,,,,,,,0.5206322832659938
2011-12-31,,,,,,,,,,,,,,,,,,,,,,,,,0.5267213187190001
2012-01-31,,,,,,,,,,,,,,,,,,,,,,,,,0.5494105980866532
2012-02-29,,,,,,,,,,,,,,,,,,,,,,,,,0.573272076133298
2012-03-31,,,,,,,,,,,,,,,,,,,,,,,,,0.5916750069456951
2012-04-30,,,,,,,,,,,,,,,,,,,,,,,,,0.5874482715589776
2012-05-31,,,,,,,,,,,,,,,,,,,,,,,,,0.552043345088959
2012-06-30,,,,,,,,,,,,,,,,,,,,,,,,,0.5742961019365943
2012-07-31,,,,,,,,,,,,,,,,,,,,,,,,,0.5829315190176331
2012-08-31,,,,,,,,,,,,,,,,,,,,,,,,,0.5953327023251234
2012-09-30,,,,,,,,,,,,,,,,,,,,,,,,,0.6104079464782328
2012-10-31,,,,,,,,,,,,,,,,,,,,,,,,,0.5991830723178124
2012-11-30,,,,,,,,,,,,,,,,,,,,,,,,,0.6024914519465854
2012-12-31,,,,,,,,,,,,,,,,,,,,,,,,,0.6065410590124491
2013-01-31,,,,,,,,,,,,,,,,,,,,,,,,,0.6378573123091387
2013-02-28,,,,,,,,,,,,,,,,,,,,,,,,,0.6462422499744805
2013-03-31,,,,,,,,,,,,,,,,,,,,,,,,,0.6706121254272366
2013-04-30,,,,,,,,,,,,,,,,,,,,,,,,,0.6837549787294473
2013-05-31,,,,,,,,,,,,,,,,,,,,,,,,,0.6983189863577689
2013-06-30,,,,,,,,,,,,,,,,,,,,,,,,,0.6879666051783434
2013-07-31,,,,,,,,,,,,,,,,,,,,,,,,,0.7221313510731181
2013-08-31,,,,,,,,,,,,,,,,,,,,,,,,,0.7009876153153946
2013-09-30,,,,,,,,,,,,,,,,,,,,,,,,,0.7232569336924952
2013-10-31,,,,,,,,,,,,,,,,,,,,,,,,,0.7559252018022609
2013-11-30,,,,,,,,,,,,,,,,,,,,,,,,,0.778929963126628
2013-12-31,,,,,,,,,,,,,,,,,,,,,,,,,0.7983159267805289
2014-01-31,,,,,,,,,,,,,,,,,,,,,,,,,0.7714854093692243
2014-02-28,,,,,,,,,,,,,,,,,,,,,,,,,0.8058209163512584
2014-03-31,,,,,,,,,,,,,,,,,,,,,,,,,0.810846748255264
2014-04-30,,,,,,,,,,,,,,,,,,,,,,,,,0.8159303841521633
2014-05-31,,,,,,,,,,,,,,,,,,,,,,,,,0.8344433682075293
2014-06-30,,,,,,,,,,,,,,,,,,,,,,,,,0.8513697907936792
2014-07-31,,,,,,,,,,,,,,,,,,,,,,,,,0.8382102042735353
2014-08-31,,,,,,,,,,,,,,,,,,,,,,,,,0.8709327224895624
2014-09-30,,,,,,,,,,,,,,,,,,,,,,,,,0.8594876946095823
2014-10-31,,,,,,,,,,,,,,,,,,,,,,,,,0.8802531531070567
2014-11-30,,,,,,,,,,,,,,,,,,,,,,,,,0.9048484289649341
2014-12-31,,,,,,,,,,,,,,,,,,,,,,,,,0.9021815236800561
2015-01-31,,,,,,,,,,,,,,,,,,,,,,,,,0.8754843963656727
2015-02-28,,,,,,,,,,,,,,,,,,,,,,,,,0.922657906537964
2015-03-31,,,,,,,,,,,,,,,,,,,,,,,,,0.9040512267799015
2015-04-30,,,,,,,,,,,,,,,,,,,,,,,,,0.9123901835695504
2015-05-31,,,,,,,,,,,,,,,,,,,,,,,,,0.9244592731006933
2015-06-30,,,,,,,,,,,,,,,,,,,,,,,,,0.9067975142728204
2015-07-31,,,,,,,,,,,,,,,,,,,,,,,,,0.9216776380480601
2015-08-31,,,,,,,,,,,,,,,,,,,,,,,,,0.8653514499165578
2015-09-30,,,,,,,,,,,,,,,,,,,,,,,,,0.8445123872416279
2015-10-31,,,,,,,,,,,,,,,,,,,,,,,,,0.9147081218578706
2015-11-30,,,,,,,,,,,,,,,,,,,,,,,,,0.9167743607578241
2015-12-31,,,,,,,,,,,,,,,,,,,,,,,,,0.9026361532927694
2016-01-31,,,,,,,,,,,,,,,,,,,,,,,,,0.8576092585824959
2016-02-29,,,,,,,,,,,,,,,,,,,,,,,,,0.8511768721933856
2016-03-31,,,,,,,,,,,,,,,,,,,,,,,,,0.9061713984220664
2016-04-30,,,,,,,,,,,,,,,,,,,,,,,,,0.9077405603146474
2016-05-31,,,,,,,,,,,,,,,,,,,,,,,,,0.9200649704884811
2016-06-30,,,,,,,,,,,,,,,,,,,,,,,,,0.9200197281181711
2016-07-31,,,,,,,,,,,,,,,,,,,,,,,,,0.9541333820684309
2016-08-31,,,,,,,,,,,,,,,,,,,,,,,,,0.9536724475267381
2016-09-30,,,,,,,,,,,,,,,,,,,,,,,,,0.949502180470016
2016-10-31,,,,,,,,,,,,,,,,,,,,,,,,,0.9328343203452805
2016-11-30,,,,,,,,,,,,,,,,,,,,,,,,,0.9639969218712103
2016-12-31,,,,,,,,,,,,,,,,,,,,,,,,,0.982434485221433
